Customer_ID,Customer_Name,Age,Gender,City,Region,Occupation,Product_Category,Product_Name,Purchase_Date,Quantity_Purchased,Unit_Price,Total_Purchase_Value,Payment_Method,Purchase_Channel,Customer_Segment,Loyalty_Status,Discount_Used,Purchase_Frequency,Last_Purchase_Date,Is_Outlier,Year,Month,Month_Name,Quarter,Week,Day_of_Week,Is_Weekend,Season,Is_Festive_Season,Season_Festive_Flag,Age_Group,Discount_Amount,Unit_Cost,Estimated_Profit,Margin_Percentage
C0106,Manish Bose,62,Male,Bhubaneswar,East,Financial Analyst,Books,Business Strategy Guide,2024-12-22,2,736.67,1473.34,UPI,Mobile App,Standard,Gold,0.0,31,2024-12-30,False,2024,12,December,Q4,51,Sunday,True,Winter,True,Festive Peak (Q4),55+,0.0,294.67,884.0,60.0
C0132,Arjun Patel,43,Male,Pune,West,Product Manager,Beauty & Personal Care,Herbal Shampoo,2024-10-27,3,673.18,1918.56,Cash on Delivery,Online,Standard,Gold,0.05,21,2024-12-03,False,2024,10,October,Q4,43,Sunday,True,Autumn,True,Festive Peak (Q4),35-44,100.98,235.61,1211.73,63.16
C0104,Shreya Bose,65,Male,Kolkata,East,Product Manager,Electronics,Bluetooth Speaker,2024-11-02,1,3252.8,2927.52,Credit Card,In-Store,Standard,Regular,0.1,22,2024-12-24,False,2024,11,November,Q4,44,Saturday,True,Autumn,True,Festive Peak (Q4),55+,325.28,2276.96,650.56,22.22
C0040,Aarav Chopra,22,Male,Jaipur,North,Product Manager,Beauty & Personal Care,Perfume Spray,2024-07-12,2,1738.62,2781.79,Cash on Delivery,Online,Standard,Gold,0.2,36,2024-12-27,False,2024,7,July,Q3,28,Friday,False,Summer,False,Summer,18-24,695.45,608.52,1564.75,56.25
C0005,Meera Mukherjee,61,Female,Chennai,South,Marketing Specialist,Books,Data Analytics Handbook,2024-10-09,1,601.75,541.58,Cash on Delivery,Online,Standard,Regular,0.1,19,2024-12-18,False,2024,10,October,Q4,41,Wednesday,False,Autumn,True,Festive Peak (Q4),55+,60.18,240.7,300.88,55.56
C0131,Ananya Mehta,64,Male,Noida,North,Student,Electronics,Bluetooth Speaker,2024-11-07,2,1651.02,3302.04,Net Banking,Online,Standard,Platinum,0.0,43,2024-12-29,False,2024,11,November,Q4,45,Thursday,False,Autumn,True,Festive Peak (Q4),55+,0.0,1155.71,990.62,30.0
C0005,Meera Mukherjee,61,Female,Chennai,South,Marketing Specialist,Home & Kitchen,Stainless Steel Knife Set,2024-07-10,1,729.63,620.19,Cash on Delivery,Online,Standard,Regular,0.15,19,2024-12-18,False,2024,7,July,Q3,28,Wednesday,False,Summer,False,Summer,55+,109.44,437.78,182.41,29.41
C0131,Ananya Mehta,64,Male,Noida,North,Student,Sports & Fitness,Yoga Mat,2024-07-01,1,1155.36,1155.36,Debit Card,Mobile App,Standard,Platinum,0.0,43,2024-12-29,False,2024,7,July,Q3,27,Monday,False,Summer,False,Summer,55+,0.0,577.68,577.68,50.0
C0092,Aditi Chopra,51,Male,Jaipur,North,Student,Sports & Fitness,Running Shoes,2024-04-18,1,3381.02,3211.97,Net Banking,Mobile App,Standard,Silver,0.05,9,2024-09-23,False,2024,4,April,Q2,16,Thursday,False,Spring,False,Spring,45-54,169.05,1690.51,1521.46,47.37
C0137,Aarav Bose,38,Male,Mumbai,West,Teacher,Clothing,Athletic Shorts,2024-08-02,2,501.1,1002.2,UPI,In-Store,Standard,Regular,0.0,15,2024-12-26,False,2024,8,August,Q3,31,Friday,False,Summer,False,Summer,35-44,0.0,225.5,551.2,55.0
C0123,Ananya Joshi,54,Male,Jaipur,North,Doctor,Electronics,Power Bank,2024-03-24,1,1242.86,1180.72,UPI,In-Store,Standard,Gold,0.05,26,2024-12-26,False,2024,3,March,Q1,12,Sunday,True,Spring,False,Spring,45-54,62.14,870.0,310.72,26.32
C0150,Ananya Verma,49,Other,Hyderabad,South,Sales Executive,Clothing,Athletic Shorts,2024-09-22,1,975.07,926.32,UPI,Online,Standard,Regular,0.05,3,2024-11-23,False,2024,9,September,Q3,38,Sunday,True,Autumn,False,Autumn,45-54,48.75,438.78,487.54,52.63
C0057,Vikram Mukherjee,47,Female,Mumbai,West,Doctor,Home & Kitchen,Stainless Steel Knife Set,2024-12-15,2,1365.45,2594.36,Credit Card,Online,Standard,Silver,0.05,11,2024-12-15,False,2024,12,December,Q4,50,Sunday,True,Winter,True,Festive Peak (Q4),45-54,136.55,819.27,955.82,36.84
C0120,Tanvi Sharma,26,Female,Bhubaneswar,East,Financial Analyst,Sports & Fitness,Adjustable Dumbbells,2024-10-05,3,4230.4,12691.2,Debit Card,Online,Standard,Platinum,0.0,26,2024-12-25,True,2024,10,October,Q4,40,Saturday,True,Autumn,True,Festive Peak (Q4),25-34,0.0,2115.2,6345.6,50.0
C0065,Varun Joshi,53,Male,Chennai,South,Product Manager,Home & Kitchen,Ceramic Mug Set,2024-07-06,1,565.23,508.71,Credit Card,Online,Standard,Gold,0.1,1,2024-07-06,False,2024,7,July,Q3,27,Saturday,True,Summer,False,Summer,45-54,56.52,339.14,169.57,33.33
C0079,Shreya Sharma,23,Female,Pune,West,Teacher,Electronics,Bluetooth Speaker,2024-04-09,1,2539.06,2285.15,Credit Card,Online,Standard,Regular,0.1,18,2024-12-01,False,2024,4,April,Q2,15,Tuesday,False,Spring,False,Spring,18-24,253.91,1777.34,507.81,22.22
C0106,Manish Bose,62,Male,Bhubaneswar,East,Financial Analyst,Beauty & Personal Care,Face Cleanser,2024-06-05,1,606.04,606.04,UPI,Online,Standard,Gold,0.0,31,2024-12-30,False,2024,6,June,Q2,23,Wednesday,False,Summer,False,Summer,55+,0.0,212.11,393.93,65.0
C0131,Ananya Mehta,64,Male,Noida,North,Student,Home & Kitchen,Non-Stick Frying Pan,2024-06-24,2,1173.46,2112.23,Credit Card,In-Store,Standard,Platinum,0.1,43,2024-12-29,False,2024,6,June,Q2,26,Monday,False,Summer,False,Summer,55+,234.69,704.08,704.07,33.33
C0148,Divya Kumar,25,Male,Bangalore,South,Marketing Specialist,Sports & Fitness,Adjustable Dumbbells,2024-03-15,1,2956.77,2808.93,UPI,Mobile App,Standard,Silver,0.05,9,2024-12-20,False,2024,3,March,Q1,11,Friday,False,Spring,False,Spring,25-34,147.84,1478.38,1330.55,47.37
C0120,Tanvi Sharma,26,Female,Bhubaneswar,East,Financial Analyst,Home & Kitchen,Electric Blender,2024-09-01,1,2172.24,2172.24,UPI,Mobile App,Standard,Platinum,0.0,26,2024-12-25,False,2024,9,September,Q3,35,Sunday,True,Autumn,False,Autumn,25-34,0.0,1303.34,868.9,40.0
C0069,Neha Deshmukh,36,Male,Bangalore,South,Accountant,Sports & Fitness,Resistance Bands Set,2024-10-11,2,1021.88,1737.2,UPI,Online,Standard,Regular,0.15,8,2024-11-20,False,2024,10,October,Q4,41,Friday,False,Autumn,True,Festive Peak (Q4),35-44,306.56,510.94,715.32,41.18
C0070,Tanvi Gupta,64,Male,Pune,West,Marketing Specialist,Books,Python Programming,2024-12-30,1,1089.06,1034.61,Credit Card,Online,Standard,Platinum,0.05,3,2024-12-30,False,2024,12,December,Q4,1,Monday,False,Winter,True,Festive Peak (Q4),55+,54.45,435.62,598.99,57.9
C0119,Shreya Nair,40,Female,Noida,North,Entrepreneur,Sports & Fitness,Resistance Bands Set,2024-01-21,1,524.02,471.62,UPI,Online,Standard,Regular,0.1,36,2024-12-31,False,2024,1,January,Q1,3,Sunday,True,Winter,False,Winter,35-44,52.4,262.01,209.61,44.44
C0040,Aarav Chopra,22,Male,Jaipur,North,Product Manager,Sports & Fitness,Resistance Bands Set,2024-09-29,3,505.37,1516.11,UPI,In-Store,Standard,Gold,0.0,36,2024-12-27,False,2024,9,September,Q3,39,Sunday,True,Autumn,False,Autumn,18-24,0.0,252.68,758.07,50.0
C0024,Shreya Reddy,66,Male,Kolkata,East,Product Manager,Home & Kitchen,Ceramic Mug Set,2024-04-10,1,838.49,712.72,Cash on Delivery,Mobile App,Standard,Silver,0.15,5,2024-08-28,False,2024,4,April,Q2,15,Wednesday,False,Spring,False,Spring,55+,125.77,503.09,209.63,29.41
C0057,Vikram Mukherjee,47,Female,Mumbai,West,Doctor,Home & Kitchen,Ceramic Mug Set,2024-05-01,1,675.08,607.57,Net Banking,Mobile App,Standard,Silver,0.1,11,2024-12-15,False,2024,5,May,Q2,18,Wednesday,False,Spring,False,Spring,45-54,67.51,405.05,202.52,33.33
C0047,Rahul Reddy,62,Male,Hyderabad,South,Sales Executive,Electronics,Bluetooth Speaker,2024-12-17,5,2264.15,10754.71,Credit Card,Online,Standard,Regular,0.05,5,2024-12-17,False,2024,12,December,Q4,51,Tuesday,False,Winter,True,Festive Peak (Q4),55+,566.04,1584.9,2830.21,26.32
C0049,Riya Nair,39,Male,Kolkata,East,Teacher,Books,Psychology of Money,2024-06-27,1,528.95,502.5,Credit Card,In-Store,Standard,Silver,0.05,5,2024-09-05,False,2024,6,June,Q2,26,Thursday,False,Summer,False,Summer,35-44,26.45,211.58,290.92,57.89
C0040,Aarav Chopra,22,Male,Jaipur,North,Product Manager,Beauty & Personal Care,Face Cleanser,2024-02-12,5,440.59,2202.95,UPI,Online,Standard,Gold,0.0,36,2024-12-27,False,2024,2,February,Q1,7,Monday,False,Winter,False,Winter,18-24,0.0,154.21,1431.9,65.0
C0012,Varun Reddy,32,Male,Chennai,South,Consultant,Home & Kitchen,Non-Stick Frying Pan,2024-07-26,5,836.95,4184.75,UPI,Mobile App,Standard,Silver,0.0,7,2024-10-18,False,2024,7,July,Q3,30,Friday,False,Summer,False,Summer,25-34,0.0,502.17,1673.9,40.0
C0005,Meera Mukherjee,61,Female,Chennai,South,Marketing Specialist,Clothing,Slim Fit Jeans,2024-06-17,2,2338.58,3975.59,Cash on Delivery,Online,Standard,Regular,0.15,19,2024-12-18,False,2024,6,June,Q2,25,Monday,False,Summer,False,Summer,55+,701.57,1052.36,1870.87,47.06
C0149,Ananya Singh,64,Female,Jaipur,North,Software Engineer,Home & Kitchen,Electric Blender,2024-05-14,3,2650.6,7951.8,Credit Card,Online,Standard,Platinum,0.0,17,2024-12-28,False,2024,5,May,Q2,20,Tuesday,False,Spring,False,Spring,55+,0.0,1590.36,3180.72,40.0
C0072,Priya Nair,22,Female,Bhubaneswar,East,Student,Sports & Fitness,Running Shoes,2024-04-02,3,4876.74,12435.69,Credit Card,Online,Standard,Gold,0.15,5,2024-08-29,True,2024,4,April,Q2,14,Tuesday,False,Spring,False,Spring,18-24,2194.53,2438.37,5120.58,41.18
C0061,Tanvi Iyer,67,Female,Delhi,North,Software Engineer,Beauty & Personal Care,Herbal Shampoo,2024-06-21,1,456.97,388.42,Credit Card,Online,Standard,Regular,0.15,13,2024-12-08,False,2024,6,June,Q2,25,Friday,False,Summer,False,Summer,55+,68.55,159.94,228.48,58.82
C0112,Aditi Joshi,62,Male,Chennai,South,Software Engineer,Electronics,Smartwatch,2024-01-13,2,6808.19,13616.38,Net Banking,Online,Standard,Gold,0.0,13,2024-12-28,True,2024,1,January,Q1,2,Saturday,True,Winter,False,Winter,55+,0.0,4765.73,4084.92,30.0
C0039,Sneha Deshmukh,71,Female,Bhubaneswar,East,Data Analyst,Books,Psychology of Money,2024-08-20,2,357.71,608.11,UPI,In-Store,Standard,Silver,0.15,13,2024-12-26,False,2024,8,August,Q3,34,Tuesday,False,Summer,False,Summer,55+,107.31,143.08,321.95,52.94
C0139,Tanvi Reddy,43,Male,Mumbai,West,Architect,Books,Data Analytics Handbook,2024-02-23,3,1031.87,2940.83,UPI,In-Store,Standard,Regular,0.05,4,2024-12-11,True,2024,2,February,Q1,8,Friday,False,Winter,False,Winter,35-44,154.78,412.75,1702.58,57.89
C0123,Ananya Joshi,54,Male,Jaipur,North,Doctor,Beauty & Personal Care,Face Cleanser,2024-07-23,2,571.58,1086.0,Credit Card,Online,Standard,Gold,0.05,26,2024-12-26,False,2024,7,July,Q3,30,Tuesday,False,Summer,False,Summer,45-54,57.16,200.05,685.9,63.16
C0019,Rahul Joshi,39,Female,Kolkata,East,Entrepreneur,Clothing,Slim Fit Jeans,2024-02-18,2,2682.8,5365.6,Debit Card,In-Store,Standard,Silver,0.0,3,2024-02-18,False,2024,2,February,Q1,7,Sunday,True,Winter,False,Winter,35-44,0.0,1207.26,2951.08,55.0
C0069,Neha Deshmukh,36,Male,Bangalore,South,Accountant,Books,Data Analytics Handbook,2024-11-20,3,637.61,1912.83,Cash on Delivery,In-Store,Standard,Regular,0.0,8,2024-11-20,False,2024,11,November,Q4,47,Wednesday,False,Autumn,True,Festive Peak (Q4),35-44,0.0,255.04,1147.71,60.0
C0131,Ananya Mehta,64,Male,Noida,North,Student,Home & Kitchen,Non-Stick Frying Pan,2024-12-03,3,1477.98,4212.24,Cash on Delivery,Online,Standard,Platinum,0.05,43,2024-12-29,False,2024,12,December,Q4,49,Tuesday,False,Winter,True,Festive Peak (Q4),55+,221.7,886.79,1551.87,36.84
C0137,Aarav Bose,38,Male,Mumbai,West,Teacher,Beauty & Personal Care,Herbal Shampoo,2024-11-11,2,340.18,646.34,UPI,Online,Standard,Regular,0.05,15,2024-12-26,False,2024,11,November,Q4,46,Monday,False,Autumn,True,Festive Peak (Q4),35-44,34.02,119.06,408.22,63.16
C0079,Shreya Sharma,23,Female,Pune,West,Teacher,Sports & Fitness,Resistance Bands Set,2024-09-29,4,866.47,3119.29,UPI,Online,Standard,Regular,0.1,18,2024-12-01,False,2024,9,September,Q3,39,Sunday,True,Autumn,False,Autumn,18-24,346.59,433.24,1386.33,44.44
C0104,Shreya Bose,65,Male,Kolkata,East,Product Manager,Home & Kitchen,Stainless Steel Knife Set,2024-12-24,1,1799.36,1709.39,Credit Card,Online,Standard,Regular,0.05,22,2024-12-24,False,2024,12,December,Q4,52,Tuesday,False,Winter,True,Festive Peak (Q4),55+,89.97,1079.62,629.77,36.84
C0030,Pooja Gupta,20,Female,Mumbai,West,Consultant,Books,Psychology of Money,2024-07-28,1,479.43,431.49,Debit Card,Online,Standard,Gold,0.1,20,2024-12-13,False,2024,7,July,Q3,30,Sunday,True,Summer,False,Summer,18-24,47.94,191.77,239.72,55.56
C0149,Ananya Singh,64,Female,Jaipur,North,Software Engineer,Books,Psychology of Money,2024-08-12,2,605.67,1090.21,UPI,In-Store,Standard,Platinum,0.1,17,2024-12-28,False,2024,8,August,Q3,33,Monday,False,Summer,False,Summer,55+,121.13,242.27,605.67,55.56
C0040,Aarav Chopra,22,Male,Jaipur,North,Product Manager,Clothing,Casual Jacket,2024-11-05,2,2946.88,5893.76,UPI,Online,Standard,Gold,0.0,36,2024-12-27,False,2024,11,November,Q4,45,Tuesday,False,Autumn,True,Festive Peak (Q4),18-24,0.0,1326.1,3241.56,55.0
C0137,Aarav Bose,38,Male,Mumbai,West,Teacher,Electronics,Wireless Headphones,2024-02-22,1,1834.54,1834.54,Cash on Delivery,In-Store,Standard,Regular,0.0,15,2024-12-26,False,2024,2,February,Q1,8,Thursday,False,Winter,False,Winter,35-44,0.0,1284.18,550.36,30.0
C0110,Rohan Reddy,35,Male,Ahmedabad,West,Data Analyst,Electronics,Power Bank,2024-04-11,1,1938.62,1744.76,UPI,Online,Standard,Platinum,0.1,24,2024-12-16,False,2024,4,April,Q2,15,Thursday,False,Spring,False,Spring,35-44,193.86,1357.03,387.73,22.22
C0104,Shreya Bose,65,Male,Kolkata,East,Product Manager,Beauty & Personal Care,Sunscreen SPF 50,2024-06-04,38,787.37,29920.06,UPI,Mobile App,Standard,Regular,0.0,22,2024-12-24,True,2024,6,June,Q2,23,Tuesday,False,Summer,False,Summer,55+,0.0,275.58,19448.02,65.0
C0088,Ravi Deshmukh,51,Male,Delhi,North,Doctor,Books,Atomic Habits,2024-05-13,1,430.55,430.55,UPI,In-Store,Standard,Gold,0.0,4,2024-10-12,False,2024,5,May,Q2,20,Monday,False,Spring,False,Spring,45-54,0.0,172.22,258.33,60.0
C0040,Aarav Chopra,22,Male,Jaipur,North,Product Manager,Beauty & Personal Care,Moisturizing Cream,2024-05-14,1,573.04,573.04,Credit Card,In-Store,Standard,Gold,0.0,36,2024-12-27,False,2024,5,May,Q2,20,Tuesday,False,Spring,False,Spring,18-24,0.0,200.56,372.48,65.0
C0030,Pooja Gupta,20,Female,Mumbai,West,Consultant,Electronics,USB-C Hub,2024-06-05,1,958.2,958.2,Debit Card,Online,Standard,Gold,0.0,20,2024-12-13,False,2024,6,June,Q2,23,Wednesday,False,Summer,False,Summer,18-24,0.0,670.74,287.46,30.0
C0039,Sneha Deshmukh,71,Female,Bhubaneswar,East,Data Analyst,Clothing,Formal Shirt,2024-05-04,4,2145.13,7722.47,Credit Card,In-Store,Standard,Silver,0.1,13,2024-12-26,False,2024,5,May,Q2,18,Saturday,True,Spring,False,Spring,55+,858.05,965.31,3861.23,50.0
C0031,Aarav Iyer,57,Male,Chennai,South,Architect,Electronics,Bluetooth Speaker,2024-01-25,2,2868.94,4877.2,UPI,In-Store,Standard,Silver,0.15,12,2024-10-25,False,2024,1,January,Q1,4,Thursday,False,Winter,False,Winter,55+,860.68,2008.26,860.68,17.65
C0122,Amit Reddy,29,Male,Delhi,North,Financial Analyst,Beauty & Personal Care,Perfume Spray,2024-04-11,3,2678.48,6428.35,Net Banking,In-Store,Standard,Regular,0.2,13,2024-12-21,True,2024,4,April,Q2,15,Thursday,False,Spring,False,Spring,25-34,1607.09,937.47,3615.94,56.25
C0057,Vikram Mukherjee,47,Female,Mumbai,West,Doctor,Clothing,Slim Fit Jeans,2024-09-04,1,1465.15,1318.64,Credit Card,Online,Standard,Silver,0.1,11,2024-12-15,False,2024,9,September,Q3,36,Wednesday,False,Autumn,False,Autumn,45-54,146.52,659.32,659.32,50.0
C0013,Aarav Chopra,68,Female,Jaipur,North,Marketing Specialist,Sports & Fitness,Adjustable Dumbbells,2024-03-26,1,3538.86,3538.86,UPI,Online,Standard,Regular,0.0,15,2024-12-02,False,2024,3,March,Q1,13,Tuesday,False,Spring,False,Spring,55+,0.0,1769.43,1769.43,50.0
C0132,Arjun Patel,43,Male,Pune,West,Product Manager,Books,Data Analytics Handbook,2024-11-15,4,718.16,2298.11,UPI,Online,Standard,Gold,0.2,21,2024-12-03,False,2024,11,November,Q4,46,Friday,False,Autumn,True,Festive Peak (Q4),35-44,574.53,287.26,1149.07,50.0
C0135,Meera Patel,54,Female,Kolkata,East,Software Engineer,Clothing,Casual Jacket,2024-09-16,1,2528.29,2528.29,UPI,In-Store,Standard,Platinum,0.0,11,2024-12-30,False,2024,9,September,Q3,38,Monday,False,Autumn,False,Autumn,45-54,0.0,1137.73,1390.56,55.0
C0149,Ananya Singh,64,Female,Jaipur,North,Software Engineer,Home & Kitchen,Ceramic Mug Set,2024-12-27,4,971.74,3886.96,UPI,In-Store,Standard,Platinum,0.0,17,2024-12-28,False,2024,12,December,Q4,52,Friday,False,Winter,True,Festive Peak (Q4),55+,0.0,583.04,1554.8,40.0
C0030,Pooja Gupta,20,Female,Mumbai,West,Consultant,Electronics,Bluetooth Speaker,2024-02-13,2,3408.39,5794.26,UPI,Online,Standard,Gold,0.15,20,2024-12-13,False,2024,2,February,Q1,7,Tuesday,False,Winter,False,Winter,18-24,1022.52,2385.87,1022.52,17.65
C0063,Varun Chopra,68,Female,Bangalore,South,Software Engineer,Home & Kitchen,Ceramic Mug Set,2024-03-31,1,533.25,453.26,Credit Card,Mobile App,Standard,Regular,0.15,5,2024-11-10,False,2024,3,March,Q1,13,Sunday,True,Spring,False,Spring,55+,79.99,319.95,133.31,29.41
C0114,Rohan Gupta,53,Other,Ahmedabad,West,Data Analyst,Beauty & Personal Care,Face Cleanser,2024-12-11,1,263.05,249.9,UPI,Online,Standard,Platinum,0.05,11,2024-12-11,False,2024,12,December,Q4,50,Wednesday,False,Winter,True,Festive Peak (Q4),45-54,13.15,92.07,157.83,63.16
C0028,Shreya Joshi,55,Male,Mumbai,West,Data Analyst,Home & Kitchen,Electric Blender,2024-12-30,1,2616.27,2616.27,UPI,Online,Standard,Platinum,0.0,14,2024-12-30,False,2024,12,December,Q4,1,Monday,False,Winter,True,Festive Peak (Q4),55+,0.0,1569.76,1046.51,40.0
C0126,Siddharth Kumar,31,Male,Hyderabad,South,Marketing Specialist,Clothing,Cotton T-Shirt,2024-08-08,3,540.18,1620.54,Credit Card,Online,Standard,Silver,0.0,19,2024-12-24,False,2024,8,August,Q3,32,Thursday,False,Summer,False,Summer,25-34,0.0,243.08,891.3,55.0
C0039,Sneha Deshmukh,71,Female,Bhubaneswar,East,Data Analyst,Beauty & Personal Care,Sunscreen SPF 50,2024-11-22,1,995.78,945.99,Debit Card,In-Store,Standard,Silver,0.05,13,2024-12-26,False,2024,11,November,Q4,47,Friday,False,Autumn,True,Festive Peak (Q4),55+,49.79,348.52,597.47,63.16
C0039,Sneha Deshmukh,71,Female,Bhubaneswar,East,Data Analyst,Beauty & Personal Care,Sunscreen SPF 50,2024-05-26,2,583.04,1166.08,UPI,Online,Standard,Silver,0.0,13,2024-12-26,False,2024,5,May,Q2,21,Sunday,True,Spring,False,Spring,55+,0.0,204.06,757.96,65.0
C0093,Aarav Singh,22,Male,Bhubaneswar,East,Architect,Home & Kitchen,Ceramic Mug Set,2024-07-07,1,676.0,574.6,UPI,In-Store,Standard,Platinum,0.15,5,2024-09-05,False,2024,7,July,Q3,27,Sunday,True,Summer,False,Summer,18-24,101.4,405.6,169.0,29.41
C0101,Divya Deshmukh,68,Male,Pune,West,Data Analyst,Clothing,Cotton T-Shirt,2024-12-30,1,770.63,770.63,Debit Card,Online,Standard,Silver,0.0,8,2024-12-30,False,2024,12,December,Q4,1,Monday,False,Winter,True,Festive Peak (Q4),55+,0.0,346.78,423.85,55.0
C0099,Arjun Mukherjee,40,Male,Bhubaneswar,East,Teacher,Electronics,Power Bank,2024-04-12,1,1427.01,1141.61,UPI,Online,Standard,Regular,0.2,10,2024-12-30,False,2024,4,April,Q2,15,Friday,False,Spring,False,Spring,35-44,285.4,998.91,142.7,12.5
C0131,Ananya Mehta,64,Male,Noida,North,Student,Electronics,Bluetooth Speaker,2024-02-16,1,1824.31,1824.31,Debit Card,Online,Standard,Platinum,0.0,43,2024-12-29,False,2024,2,February,Q1,7,Friday,False,Winter,False,Winter,55+,0.0,1277.02,547.29,30.0
C0045,Priya Verma,34,Female,Chennai,South,Student,Sports & Fitness,Yoga Mat,2024-02-01,1,942.62,848.36,Credit Card,Mobile App,Standard,Regular,0.1,19,2024-12-20,False,2024,2,February,Q1,5,Thursday,False,Winter,False,Winter,25-34,94.26,471.31,377.05,44.44
C0025,Rahul Verma,66,Male,Hyderabad,South,Software Engineer,Clothing,Cotton T-Shirt,2024-02-05,4,689.37,2481.73,Credit Card,Online,Standard,Silver,0.1,27,2024-12-24,False,2024,2,February,Q1,6,Monday,False,Winter,False,Winter,55+,275.75,310.22,1240.85,50.0
C0132,Arjun Patel,43,Male,Pune,West,Product Manager,Beauty & Personal Care,Moisturizing Cream,2024-04-05,3,909.75,2456.33,UPI,Online,Standard,Gold,0.1,21,2024-12-03,False,2024,4,April,Q2,14,Friday,False,Spring,False,Spring,35-44,272.92,318.41,1501.1,61.11
C0140,Sneha Verma,44,Female,Delhi,North,Student,Sports & Fitness,Yoga Mat,2024-05-20,3,846.66,2539.98,UPI,Online,Standard,Gold,0.0,3,2024-07-24,False,2024,5,May,Q2,21,Monday,False,Spring,False,Spring,35-44,0.0,423.33,1269.99,50.0
C0131,Ananya Mehta,64,Male,Noida,North,Student,Electronics,Power Bank,2024-12-02,1,1605.27,1525.01,Debit Card,In-Store,Standard,Platinum,0.05,43,2024-12-29,False,2024,12,December,Q4,49,Monday,False,Winter,True,Festive Peak (Q4),55+,80.26,1123.69,401.32,26.32
C0126,Siddharth Kumar,31,Male,Hyderabad,South,Marketing Specialist,Clothing,Cotton T-Shirt,2024-09-11,3,420.15,1260.45,UPI,Online,Standard,Silver,0.0,19,2024-12-24,False,2024,9,September,Q3,37,Wednesday,False,Autumn,False,Autumn,25-34,0.0,189.07,693.24,55.0
C0110,Rohan Reddy,35,Male,Ahmedabad,West,Data Analyst,Sports & Fitness,Resistance Bands Set,2024-07-11,1,894.34,849.62,UPI,Mobile App,Standard,Platinum,0.05,24,2024-12-16,False,2024,7,July,Q3,28,Thursday,False,Summer,False,Summer,35-44,44.72,447.17,402.45,47.37
C0095,Aditi Singh,51,Female,Bhubaneswar,East,Marketing Specialist,Books,Psychology of Money,2024-03-29,1,683.36,580.86,UPI,Mobile App,Standard,Regular,0.15,3,2024-06-17,False,2024,3,March,Q1,13,Friday,False,Spring,False,Spring,45-54,102.5,273.34,307.52,52.94
C0018,Pooja Bose,40,Female,Bhubaneswar,East,Entrepreneur,Home & Kitchen,Coffee Maker,2024-04-23,1,3951.04,3555.94,UPI,In-Store,Standard,Silver,0.1,10,2024-11-27,False,2024,4,April,Q2,17,Tuesday,False,Spring,False,Spring,35-44,395.1,2370.62,1185.32,33.33
C0067,Shreya Kumar,29,Male,Bangalore,South,Architect,Beauty & Personal Care,Moisturizing Cream,2024-10-09,1,679.32,679.32,Credit Card,Mobile App,Standard,Silver,0.0,10,2024-11-27,False,2024,10,October,Q4,41,Wednesday,False,Autumn,True,Festive Peak (Q4),25-34,0.0,237.76,441.56,65.0
C0061,Tanvi Iyer,67,Female,Delhi,North,Software Engineer,Sports & Fitness,Resistance Bands Set,2024-08-01,1,649.1,649.1,UPI,Mobile App,Standard,Regular,0.0,13,2024-12-08,False,2024,8,August,Q3,31,Thursday,False,Summer,False,Summer,55+,0.0,324.55,324.55,50.0
C0041,Ravi Das,61,Female,Pune,West,Teacher,Beauty & Personal Care,Herbal Shampoo,2024-10-06,2,653.37,1045.39,Cash on Delivery,Online,Standard,Silver,0.2,12,2024-11-09,False,2024,10,October,Q4,40,Sunday,True,Autumn,True,Festive Peak (Q4),55+,261.35,228.68,588.03,56.25
C0119,Shreya Nair,40,Female,Noida,North,Entrepreneur,Sports & Fitness,Adjustable Dumbbells,2024-11-13,5,2038.09,10190.45,Credit Card,Online,Standard,Regular,0.0,36,2024-12-31,True,2024,11,November,Q4,46,Wednesday,False,Autumn,True,Festive Peak (Q4),35-44,0.0,1019.04,5095.25,50.0
C0084,Riya Mukherjee,26,Male,Mumbai,West,Entrepreneur,Electronics,Power Bank,2024-10-17,2,888.85,1688.82,Debit Card,Mobile App,Standard,Regular,0.05,11,2024-12-04,False,2024,10,October,Q4,42,Thursday,False,Autumn,True,Festive Peak (Q4),25-34,88.88,622.19,444.44,26.32
C0017,Karan Mukherjee,59,Male,Jaipur,North,Consultant,Home & Kitchen,Non-Stick Frying Pan,2024-05-27,4,890.7,3562.8,Credit Card,Online,Standard,Silver,0.0,7,2024-12-08,False,2024,5,May,Q2,22,Monday,False,Spring,False,Spring,55+,0.0,534.42,1425.12,40.0
C0112,Aditi Joshi,62,Male,Chennai,South,Software Engineer,Sports & Fitness,Water Bottle 1L,2024-03-19,1,773.37,773.37,UPI,In-Store,Standard,Gold,0.0,13,2024-12-28,False,2024,3,March,Q1,12,Tuesday,False,Spring,False,Spring,55+,0.0,386.68,386.69,50.0
C0016,Rohan Mehta,18,Female,Bangalore,South,Sales Executive,Beauty & Personal Care,Sunscreen SPF 50,2024-10-27,1,692.81,623.53,Credit Card,Mobile App,Standard,Silver,0.1,2,2024-12-28,False,2024,10,October,Q4,43,Sunday,True,Autumn,True,Festive Peak (Q4),18-24,69.28,242.48,381.05,61.11
C0084,Riya Mukherjee,26,Male,Mumbai,West,Entrepreneur,Beauty & Personal Care,Herbal Shampoo,2024-05-11,3,337.94,861.75,UPI,Online,Standard,Regular,0.15,11,2024-12-04,False,2024,5,May,Q2,19,Saturday,True,Spring,False,Spring,25-34,152.07,118.28,506.91,58.82
C0080,Vikram Patel,36,Other,Noida,North,Architect,Electronics,Bluetooth Speaker,2024-06-16,1,2666.68,2400.01,UPI,Mobile App,Standard,Silver,0.1,16,2024-12-24,False,2024,6,June,Q2,24,Sunday,True,Summer,False,Summer,35-44,266.67,1866.68,533.33,22.22
C0101,Divya Deshmukh,68,Male,Pune,West,Data Analyst,Electronics,Wireless Headphones,2024-07-21,1,1547.44,1237.95,Credit Card,In-Store,Standard,Silver,0.2,8,2024-12-30,False,2024,7,July,Q3,29,Sunday,True,Summer,False,Summer,55+,309.49,1083.21,154.74,12.5
C0126,Siddharth Kumar,31,Male,Hyderabad,South,Marketing Specialist,Clothing,Slim Fit Jeans,2024-11-14,1,2792.94,2653.29,Credit Card,In-Store,Standard,Silver,0.05,19,2024-12-24,False,2024,11,November,Q4,46,Thursday,False,Autumn,True,Festive Peak (Q4),25-34,139.65,1256.82,1396.47,52.63
C0056,Rohan Chopra,33,Male,Ahmedabad,West,Architect,Home & Kitchen,Non-Stick Frying Pan,2024-04-16,1,1724.89,1724.89,UPI,Mobile App,Standard,Silver,0.0,15,2024-12-20,False,2024,4,April,Q2,16,Tuesday,False,Spring,False,Spring,25-34,0.0,1034.93,689.96,40.0
C0112,Aditi Joshi,62,Male,Chennai,South,Software Engineer,Electronics,Smartwatch,2024-12-28,1,6766.84,6090.16,Credit Card,Online,Standard,Gold,0.1,13,2024-12-28,False,2024,12,December,Q4,52,Saturday,True,Winter,True,Festive Peak (Q4),55+,676.68,4736.79,1353.37,22.22
C0097,Vikram Deshmukh,27,Female,Kolkata,East,Software Engineer,Home & Kitchen,Ceramic Mug Set,2024-05-18,1,870.39,826.87,Credit Card,Online,Standard,Silver,0.05,15,2024-10-29,False,2024,5,May,Q2,20,Saturday,True,Spring,False,Spring,25-34,43.52,522.23,304.64,36.84
C0045,Priya Verma,34,Female,Chennai,South,Student,Home & Kitchen,Stainless Steel Knife Set,2024-08-29,1,852.04,766.84,UPI,Online,Standard,Regular,0.1,19,2024-12-20,False,2024,8,August,Q3,35,Thursday,False,Summer,False,Summer,25-34,85.2,511.22,255.62,33.33
C0131,Ananya Mehta,64,Male,Noida,North,Student,Electronics,Smartwatch,2024-10-29,2,7666.68,13800.02,UPI,Online,Standard,Platinum,0.1,43,2024-12-29,True,2024,10,October,Q4,44,Tuesday,False,Autumn,True,Festive Peak (Q4),55+,1533.34,5366.68,3066.66,22.22
C0123,Ananya Joshi,54,Male,Jaipur,North,Doctor,Beauty & Personal Care,Herbal Shampoo,2024-11-14,1,531.75,531.75,Net Banking,Online,Standard,Gold,0.0,26,2024-12-26,False,2024,11,November,Q4,46,Thursday,False,Autumn,True,Festive Peak (Q4),45-54,0.0,186.11,345.64,65.0
C0110,Rohan Reddy,35,Male,Ahmedabad,West,Data Analyst,Sports & Fitness,Water Bottle 1L,2024-12-01,1,616.11,616.11,UPI,Online,Standard,Platinum,0.0,24,2024-12-16,False,2024,12,December,Q4,48,Sunday,True,Winter,True,Festive Peak (Q4),35-44,0.0,308.06,308.05,50.0
C0130,Riya Singh,48,Male,Hyderabad,South,Product Manager,Home & Kitchen,Coffee Maker,2024-11-08,2,4118.81,7001.98,Credit Card,Online,Standard,Silver,0.15,20,2024-12-21,False,2024,11,November,Q4,45,Friday,False,Autumn,True,Festive Peak (Q4),45-54,1235.64,2471.29,2059.4,29.41
C0131,Ananya Mehta,64,Male,Noida,North,Student,Books,Python Programming,2024-04-13,1,676.28,676.28,Debit Card,Online,Standard,Platinum,0.0,43,2024-12-29,False,2024,4,April,Q2,15,Saturday,True,Spring,False,Spring,55+,0.0,270.51,405.77,60.0
C0115,Amit Patel,47,Male,Jaipur,North,Sales Executive,Books,Data Analytics Handbook,2024-05-01,1,807.14,726.43,UPI,Online,Standard,Regular,0.1,14,2024-11-28,False,2024,5,May,Q2,18,Wednesday,False,Spring,False,Spring,45-54,80.71,322.86,403.57,55.56
C0130,Riya Singh,48,Male,Hyderabad,South,Product Manager,Beauty & Personal Care,Herbal Shampoo,2024-05-26,1,410.41,410.41,Credit Card,Mobile App,Standard,Silver,0.0,20,2024-12-21,False,2024,5,May,Q2,21,Sunday,True,Spring,False,Spring,45-54,0.0,143.64,266.77,65.0
C0112,Aditi Joshi,62,Male,Chennai,South,Software Engineer,Electronics,Smartwatch,2024-09-01,4,2328.42,8382.31,UPI,In-Store,Standard,Gold,0.1,13,2024-12-28,False,2024,9,September,Q3,35,Sunday,True,Autumn,False,Autumn,55+,931.37,1629.89,1862.75,22.22
C0106,Manish Bose,62,Male,Bhubaneswar,East,Financial Analyst,Sports & Fitness,Running Shoes,2024-04-12,2,4676.8,8418.24,Net Banking,In-Store,Standard,Gold,0.1,31,2024-12-30,False,2024,4,April,Q2,15,Friday,False,Spring,False,Spring,55+,935.36,2338.4,3741.44,44.44
C0119,Shreya Nair,40,Female,Noida,North,Entrepreneur,Home & Kitchen,Ceramic Mug Set,2024-01-25,2,777.06,1554.12,Debit Card,Online,Standard,Regular,0.0,36,2024-12-31,False,2024,1,January,Q1,4,Thursday,False,Winter,False,Winter,35-44,0.0,466.24,621.64,40.0
C0028,Shreya Joshi,55,Male,Mumbai,West,Data Analyst,Books,Data Analytics Handbook,2024-07-24,1,891.06,801.95,Credit Card,Online,Standard,Platinum,0.1,14,2024-12-30,False,2024,7,July,Q3,30,Wednesday,False,Summer,False,Summer,55+,89.11,356.42,445.53,55.56
C0132,Arjun Patel,43,Male,Pune,West,Product Manager,Home & Kitchen,Ceramic Mug Set,2024-02-17,2,645.84,1291.68,UPI,Online,Standard,Gold,0.0,21,2024-12-03,False,2024,2,February,Q1,7,Saturday,True,Winter,False,Winter,35-44,0.0,387.5,516.68,40.0
C0131,Ananya Mehta,64,Male,Noida,North,Student,Beauty & Personal Care,Perfume Spray,2024-11-28,5,2454.85,11660.54,Cash on Delivery,Online,Standard,Platinum,0.05,43,2024-12-29,True,2024,11,November,Q4,48,Thursday,False,Autumn,True,Festive Peak (Q4),55+,613.71,859.2,7364.54,63.16
C0005,Meera Mukherjee,61,Female,Chennai,South,Marketing Specialist,Sports & Fitness,Resistance Bands Set,2024-02-28,1,554.08,554.08,UPI,Online,Standard,Regular,0.0,19,2024-12-18,False,2024,2,February,Q1,9,Wednesday,False,Winter,False,Winter,55+,0.0,277.04,277.04,50.0
C0127,Sneha Singh,24,Female,Kolkata,East,Product Manager,Home & Kitchen,Non-Stick Frying Pan,2024-12-13,3,1255.07,3200.43,UPI,Online,Standard,Regular,0.15,1,2024-12-13,False,2024,12,December,Q4,50,Friday,False,Winter,True,Festive Peak (Q4),18-24,564.78,753.04,941.31,29.41
C0025,Rahul Verma,66,Male,Hyderabad,South,Software Engineer,Beauty & Personal Care,Moisturizing Cream,2024-10-21,2,700.23,1260.41,UPI,Online,Standard,Silver,0.1,27,2024-12-24,False,2024,10,October,Q4,43,Monday,False,Autumn,True,Festive Peak (Q4),55+,140.05,245.08,770.25,61.11
C0055,Nikhil Sharma,56,Female,Pune,West,Teacher,Beauty & Personal Care,Face Cleanser,2024-02-08,2,404.65,809.3,Debit Card,Mobile App,Standard,Regular,0.0,17,2024-11-02,False,2024,2,February,Q1,6,Thursday,False,Winter,False,Winter,55+,0.0,141.63,526.04,65.0
C0119,Shreya Nair,40,Female,Noida,North,Entrepreneur,Sports & Fitness,Adjustable Dumbbells,2024-01-16,1,2420.71,2178.64,UPI,Online,Standard,Regular,0.1,36,2024-12-31,False,2024,1,January,Q1,3,Tuesday,False,Winter,False,Winter,35-44,242.07,1210.36,968.28,44.44
C0029,Amit Mukherjee,26,Male,Ahmedabad,West,Entrepreneur,Books,Python Programming,2024-05-08,2,948.39,1801.94,Net Banking,In-Store,Standard,Regular,0.05,6,2024-11-12,False,2024,5,May,Q2,19,Wednesday,False,Spring,False,Spring,25-34,94.84,379.36,1043.22,57.89
C0126,Siddharth Kumar,31,Male,Hyderabad,South,Marketing Specialist,Electronics,Wireless Headphones,2024-05-08,4,2292.19,8251.88,Credit Card,Online,Standard,Silver,0.1,19,2024-12-24,False,2024,5,May,Q2,19,Wednesday,False,Spring,False,Spring,25-34,916.88,1604.53,1833.76,22.22
C0128,Aarav Patel,53,Other,Chennai,South,Software Engineer,Home & Kitchen,Stainless Steel Knife Set,2024-07-25,1,1588.52,1429.67,UPI,Online,Standard,Regular,0.1,8,2024-11-18,False,2024,7,July,Q3,30,Thursday,False,Summer,False,Summer,45-54,158.85,953.11,476.56,33.33
C0087,Divya Das,28,Female,Chennai,South,Teacher,Sports & Fitness,Water Bottle 1L,2024-03-03,1,484.17,484.17,Net Banking,In-Store,Standard,Regular,0.0,7,2024-11-22,False,2024,3,March,Q1,9,Sunday,True,Spring,False,Spring,25-34,0.0,242.08,242.09,50.0
C0002,Manish Joshi,41,Male,Hyderabad,South,Financial Analyst,Beauty & Personal Care,Sunscreen SPF 50,2024-08-19,1,959.45,959.45,Debit Card,Online,Standard,Regular,0.0,8,2024-12-27,False,2024,8,August,Q3,34,Monday,False,Summer,False,Summer,35-44,0.0,335.81,623.64,65.0
C0047,Rahul Reddy,62,Male,Hyderabad,South,Sales Executive,Home & Kitchen,Coffee Maker,2024-10-02,1,3357.1,3357.1,Net Banking,In-Store,Standard,Regular,0.0,5,2024-12-17,False,2024,10,October,Q4,40,Wednesday,False,Autumn,True,Festive Peak (Q4),55+,0.0,2014.26,1342.84,40.0
C0106,Manish Bose,62,Male,Bhubaneswar,East,Financial Analyst,Home & Kitchen,Ceramic Mug Set,2024-09-25,2,679.5,1359.0,Net Banking,Online,Standard,Gold,0.0,31,2024-12-30,False,2024,9,September,Q3,39,Wednesday,False,Autumn,False,Autumn,55+,0.0,407.7,543.6,40.0
C0148,Divya Kumar,47,Male,Bangalore,South,Marketing Specialist,Books,Python Programming,2024-04-23,1,909.89,909.89,UPI,Online,Standard,Silver,0.0,9,2024-12-20,False,2024,4,April,Q2,17,Tuesday,False,Spring,False,Spring,45-54,0.0,363.96,545.93,60.0
C0106,Manish Bose,62,Male,Bhubaneswar,East,Financial Analyst,Clothing,Casual Jacket,2024-12-04,1,4815.24,4574.48,Debit Card,Online,Standard,Gold,0.05,31,2024-12-30,False,2024,12,December,Q4,49,Wednesday,False,Winter,True,Festive Peak (Q4),55+,240.76,2166.86,2407.62,52.63
C0041,Ravi Das,61,Female,Pune,West,Teacher,Clothing,Athletic Shorts,2024-05-18,1,772.46,733.84,Credit Card,Online,Standard,Silver,0.05,12,2024-11-09,False,2024,5,May,Q2,20,Saturday,True,Spring,False,Spring,55+,38.62,347.61,386.23,52.63
C0106,Manish Bose,62,Male,Bhubaneswar,East,Financial Analyst,Home & Kitchen,Ceramic Mug Set,2024-06-14,2,988.67,1680.74,Net Banking,Online,Standard,Gold,0.15,31,2024-12-30,False,2024,6,June,Q2,24,Friday,False,Summer,False,Summer,55+,296.6,593.2,494.34,29.41
C0094,Siddharth Kumar,38,Female,Bhubaneswar,East,Marketing Specialist,Books,Business Strategy Guide,2024-08-12,4,505.03,1818.11,Credit Card,Online,Standard,Regular,0.1,16,2024-12-05,False,2024,8,August,Q3,33,Monday,False,Summer,False,Summer,35-44,202.01,202.01,1010.07,55.56
C0122,Amit Reddy,29,Male,Delhi,North,Financial Analyst,Home & Kitchen,Coffee Maker,2024-08-01,2,3517.04,7034.08,Cash on Delivery,Online,Standard,Regular,0.0,13,2024-12-21,False,2024,8,August,Q3,31,Thursday,False,Summer,False,Summer,25-34,0.0,2110.22,2813.64,40.0
C0023,Vikram Sharma,59,Male,Bhubaneswar,East,Teacher,Clothing,Cotton T-Shirt,2024-04-27,2,887.76,1509.19,Credit Card,Mobile App,Standard,Silver,0.15,4,2024-06-30,False,2024,4,April,Q2,17,Saturday,True,Spring,False,Spring,55+,266.33,399.49,710.21,47.06
C0120,Tanvi Sharma,26,Female,Bhubaneswar,East,Financial Analyst,Sports & Fitness,Running Shoes,2024-01-26,3,4045.75,10923.52,Credit Card,In-Store,Standard,Platinum,0.1,26,2024-12-25,True,2024,1,January,Q1,4,Friday,False,Winter,False,Winter,25-34,1213.73,2022.88,4854.88,44.44
C0094,Siddharth Kumar,38,Female,Bhubaneswar,East,Marketing Specialist,Sports & Fitness,Adjustable Dumbbells,2024-05-23,2,1753.7,2981.29,Credit Card,Mobile App,Standard,Regular,0.15,16,2024-12-05,False,2024,5,May,Q2,21,Thursday,False,Spring,False,Spring,35-44,526.11,876.85,1227.59,41.18
C0143,Karan Sharma,71,Female,Hyderabad,South,Software Engineer,Home & Kitchen,Ceramic Mug Set,2024-06-27,3,880.04,2640.12,Credit Card,Mobile App,Standard,Silver,0.0,10,2024-12-19,False,2024,6,June,Q2,26,Thursday,False,Summer,False,Summer,55+,0.0,528.02,1056.06,40.0
C0056,Rohan Chopra,33,Male,Ahmedabad,West,Architect,Sports & Fitness,Water Bottle 1L,2024-09-29,1,473.75,473.75,UPI,Online,Standard,Silver,0.0,15,2024-12-20,False,2024,9,September,Q3,39,Sunday,True,Autumn,False,Autumn,25-34,0.0,236.88,236.87,50.0
C0106,Manish Bose,62,Male,Bhubaneswar,East,Financial Analyst,Clothing,Formal Shirt,2024-08-03,1,1118.55,1118.55,UPI,Mobile App,Standard,Gold,0.0,31,2024-12-30,False,2024,8,August,Q3,31,Saturday,True,Summer,False,Summer,55+,0.0,503.35,615.2,55.0
C0135,Meera Patel,54,Female,Kolkata,East,Software Engineer,Books,Data Analytics Handbook,2024-12-25,1,1180.66,1180.66,UPI,Online,Standard,Platinum,0.0,11,2024-12-30,False,2024,12,December,Q4,52,Wednesday,False,Winter,True,Festive Peak (Q4),45-54,0.0,472.26,708.4,60.0
C0022,Tanvi Deshmukh,20,Male,Hyderabad,South,Student,Clothing,Formal Shirt,2024-04-10,2,1361.92,2723.84,Debit Card,Online,Standard,Silver,0.0,8,2024-12-15,False,2024,4,April,Q2,15,Wednesday,False,Spring,False,Spring,18-24,0.0,612.86,1498.12,55.0
C0137,Aarav Bose,38,Male,Mumbai,West,Teacher,Books,Business Strategy Guide,2024-07-08,2,864.66,1556.39,Credit Card,Online,Standard,Regular,0.1,15,2024-12-26,False,2024,7,July,Q3,28,Monday,False,Summer,False,Summer,35-44,172.93,345.86,864.67,55.56
C0014,Vikram Nair,58,Female,Chennai,South,Financial Analyst,Clothing,Cotton T-Shirt,2024-04-15,1,552.58,524.95,Net Banking,Mobile App,Standard,Silver,0.05,19,2024-12-21,False,2024,4,April,Q2,16,Monday,False,Spring,False,Spring,55+,27.63,248.66,276.29,52.63
C0050,Amit Chopra,50,Female,Pune,West,Consultant,Electronics,Power Bank,2024-07-19,1,818.99,778.04,Net Banking,Online,Standard,Gold,0.05,8,2024-12-04,False,2024,7,July,Q3,29,Friday,False,Summer,False,Summer,45-54,40.95,573.29,204.75,26.32
C0115,Amit Patel,47,Male,Jaipur,North,Sales Executive,Home & Kitchen,Electric Blender,2024-08-11,2,1709.5,3248.05,Cash on Delivery,Online,Standard,Regular,0.05,14,2024-11-28,False,2024,8,August,Q3,32,Sunday,True,Summer,False,Summer,45-54,170.95,1025.7,1196.65,36.84
C0014,Vikram Nair,58,Female,Chennai,South,Financial Analyst,Home & Kitchen,Ceramic Mug Set,2024-05-11,1,747.59,672.83,Debit Card,Online,Standard,Silver,0.1,19,2024-12-21,False,2024,5,May,Q2,19,Saturday,True,Spring,False,Spring,55+,74.76,448.55,224.28,33.33
C0099,Arjun Mukherjee,40,Male,Bhubaneswar,East,Teacher,Books,Python Programming,2024-09-02,3,640.92,1826.62,Cash on Delivery,Mobile App,Standard,Regular,0.05,10,2024-12-30,False,2024,9,September,Q3,36,Monday,False,Autumn,False,Autumn,35-44,96.14,256.37,1057.51,57.89
C0056,Rohan Chopra,33,Male,Ahmedabad,West,Architect,Books,Data Analytics Handbook,2024-09-12,1,1071.39,857.11,Net Banking,In-Store,Standard,Silver,0.2,15,2024-12-20,False,2024,9,September,Q3,37,Thursday,False,Autumn,False,Autumn,25-34,214.28,428.56,428.55,50.0
C0106,Manish Bose,62,Male,Bhubaneswar,East,Financial Analyst,Books,Python Programming,2024-09-06,1,920.02,920.02,Debit Card,In-Store,Standard,Gold,0.0,31,2024-12-30,False,2024,9,September,Q3,36,Friday,False,Autumn,False,Autumn,55+,0.0,368.01,552.01,60.0
C0013,Aarav Chopra,68,Female,Jaipur,North,Marketing Specialist,Clothing,Slim Fit Jeans,2024-09-29,1,1296.33,1296.33,Cash on Delivery,Mobile App,Standard,Regular,0.0,15,2024-12-02,False,2024,9,September,Q3,39,Sunday,True,Autumn,False,Autumn,55+,0.0,583.35,712.98,55.0
C0131,Ananya Mehta,64,Male,Noida,North,Student,Home & Kitchen,Electric Blender,2024-04-06,2,2835.88,5671.76,Credit Card,Online,Standard,Platinum,0.0,43,2024-12-29,False,2024,4,April,Q2,14,Saturday,True,Spring,False,Spring,55+,0.0,1701.53,2268.7,40.0
C0145,Meera Iyer,35,Male,Jaipur,North,Data Analyst,Electronics,USB-C Hub,2024-09-25,1,1292.5,1098.62,UPI,In-Store,Standard,Silver,0.15,13,2024-12-16,False,2024,9,September,Q3,39,Wednesday,False,Autumn,False,Autumn,35-44,193.88,904.75,193.87,17.65
C0145,Meera Iyer,35,Male,Jaipur,North,Data Analyst,Home & Kitchen,Stainless Steel Knife Set,2024-02-22,1,1404.04,1263.64,Net Banking,Mobile App,Standard,Silver,0.1,13,2024-12-16,False,2024,2,February,Q1,8,Thursday,False,Winter,False,Winter,35-44,140.4,842.42,421.22,33.33
C0119,Shreya Nair,40,Female,Noida,North,Entrepreneur,Electronics,Power Bank,2024-09-27,41,829.97,34028.77,Cash on Delivery,Online,Standard,Regular,0.0,36,2024-12-31,True,2024,9,September,Q3,39,Friday,False,Autumn,False,Autumn,35-44,0.0,580.98,10208.59,30.0
C0025,Rahul Verma,66,Male,Hyderabad,South,Software Engineer,Home & Kitchen,Stainless Steel Knife Set,2024-05-18,3,1055.7,3167.1,UPI,Online,Standard,Silver,0.0,27,2024-12-24,False,2024,5,May,Q2,20,Saturday,True,Spring,False,Spring,55+,0.0,633.42,1266.84,40.0
C0120,Tanvi Sharma,26,Female,Bhubaneswar,East,Financial Analyst,Sports & Fitness,Running Shoes,2024-04-11,35,4922.73,172295.55,Credit Card,In-Store,Standard,Platinum,0.0,26,2024-12-25,True,2024,4,April,Q2,15,Thursday,False,Spring,False,Spring,25-34,0.0,2461.36,86147.95,50.0
C0005,Meera Mukherjee,61,Female,Chennai,South,Marketing Specialist,Home & Kitchen,Non-Stick Frying Pan,2024-03-03,1,1214.1,971.28,Credit Card,In-Store,Standard,Regular,0.2,19,2024-12-18,False,2024,3,March,Q1,9,Sunday,True,Spring,False,Spring,55+,242.82,728.46,242.82,25.0
C0005,Meera Mukherjee,61,Female,Chennai,South,Marketing Specialist,Books,Python Programming,2024-03-08,4,1016.46,3455.96,UPI,Online,Standard,Regular,0.15,19,2024-12-18,True,2024,3,March,Q1,10,Friday,False,Spring,False,Spring,55+,609.88,406.58,1829.64,52.94
C0055,Nikhil Sharma,56,Female,Pune,West,Teacher,Clothing,Cotton T-Shirt,2024-07-04,2,965.0,1544.0,UPI,In-Store,Standard,Regular,0.2,17,2024-11-02,False,2024,7,July,Q3,27,Thursday,False,Summer,False,Summer,55+,386.0,434.25,675.5,43.75
C0080,Vikram Patel,36,Other,Noida,North,Architect,Clothing,Slim Fit Jeans,2024-07-26,1,2985.05,2388.04,UPI,Online,Standard,Silver,0.2,16,2024-12-24,False,2024,7,July,Q3,30,Friday,False,Summer,False,Summer,35-44,597.01,1343.27,1044.77,43.75
C0120,Tanvi Sharma,26,Female,Bhubaneswar,East,Financial Analyst,Beauty & Personal Care,Face Cleanser,2024-04-27,1,428.69,428.69,Debit Card,Online,Standard,Platinum,0.0,26,2024-12-25,False,2024,4,April,Q2,17,Saturday,True,Spring,False,Spring,25-34,0.0,150.04,278.65,65.0
C0112,Aditi Joshi,62,Male,Chennai,South,Software Engineer,Home & Kitchen,Ceramic Mug Set,2024-06-11,4,468.88,1687.97,Credit Card,Online,Standard,Gold,0.1,13,2024-12-28,False,2024,6,June,Q2,24,Tuesday,False,Summer,False,Summer,55+,187.55,281.33,562.65,33.33
C0076,Pooja Patel,47,Female,Ahmedabad,West,Consultant,Clothing,Formal Shirt,2024-05-08,1,1884.7,1884.7,Cash on Delivery,In-Store,Standard,Silver,0.0,5,2024-12-23,False,2024,5,May,Q2,19,Wednesday,False,Spring,False,Spring,45-54,0.0,848.12,1036.58,55.0
C0045,Priya Verma,34,Female,Chennai,South,Student,Beauty & Personal Care,Moisturizing Cream,2024-10-20,1,843.5,801.32,UPI,In-Store,Standard,Regular,0.05,19,2024-12-20,False,2024,10,October,Q4,42,Sunday,True,Autumn,True,Festive Peak (Q4),25-34,42.18,295.22,506.1,63.16
C0149,Ananya Singh,64,Female,Jaipur,North,Software Engineer,Electronics,USB-C Hub,2024-12-28,1,1125.24,1125.24,Debit Card,Mobile App,Standard,Platinum,0.0,17,2024-12-28,False,2024,12,December,Q4,52,Saturday,True,Winter,True,Festive Peak (Q4),55+,0.0,787.67,337.57,30.0
C0072,Priya Nair,22,Female,Bhubaneswar,East,Student,Beauty & Personal Care,Herbal Shampoo,2024-08-29,2,554.97,943.45,UPI,Online,Standard,Gold,0.15,5,2024-08-29,False,2024,8,August,Q3,35,Thursday,False,Summer,False,Summer,18-24,166.49,194.24,554.97,58.82
C0077,Arjun Kumar,62,Male,Kolkata,East,Product Manager,Sports & Fitness,Adjustable Dumbbells,2024-08-24,1,3230.57,3230.57,Net Banking,In-Store,Standard,Gold,0.0,11,2024-12-18,False,2024,8,August,Q3,34,Saturday,True,Summer,False,Summer,55+,0.0,1615.28,1615.29,50.0
C0029,Amit Mukherjee,26,Male,Ahmedabad,West,Entrepreneur,Beauty & Personal Care,Herbal Shampoo,2024-03-30,1,596.42,596.42,Credit Card,Online,Standard,Regular,0.0,6,2024-11-12,False,2024,3,March,Q1,13,Saturday,True,Spring,False,Spring,25-34,0.0,208.75,387.67,65.0
C0114,Rohan Gupta,53,Other,Ahmedabad,West,Data Analyst,Sports & Fitness,Yoga Mat,2024-11-30,2,827.57,1655.14,UPI,Online,Standard,Platinum,0.0,11,2024-12-11,False,2024,11,November,Q4,48,Saturday,True,Autumn,True,Festive Peak (Q4),45-54,0.0,413.78,827.58,50.0
C0039,Sneha Deshmukh,71,Female,Bhubaneswar,East,Data Analyst,Electronics,Wireless Headphones,2024-03-18,1,3171.93,2696.14,UPI,Online,Standard,Silver,0.15,13,2024-12-26,False,2024,3,March,Q1,12,Monday,False,Spring,False,Spring,55+,475.79,2220.35,475.79,17.65
C0018,Pooja Bose,40,Female,Bhubaneswar,East,Entrepreneur,Books,Atomic Habits,2024-06-11,1,553.84,553.84,UPI,Online,Standard,Silver,0.0,10,2024-11-27,False,2024,6,June,Q2,24,Tuesday,False,Summer,False,Summer,35-44,0.0,221.54,332.3,60.0
C0112,Aditi Joshi,62,Male,Chennai,South,Software Engineer,Clothing,Slim Fit Jeans,2024-02-28,1,2886.8,2886.8,Credit Card,In-Store,Standard,Gold,0.0,13,2024-12-28,False,2024,2,February,Q1,9,Wednesday,False,Winter,False,Winter,55+,0.0,1299.06,1587.74,55.0
C0110,Rohan Reddy,35,Male,Ahmedabad,West,Data Analyst,Sports & Fitness,Water Bottle 1L,2024-02-12,2,358.18,573.09,Debit Card,Mobile App,Standard,Platinum,0.2,24,2024-12-16,False,2024,2,February,Q1,7,Monday,False,Winter,False,Winter,35-44,143.27,179.09,214.91,37.5
C0045,Priya Verma,34,Female,Chennai,South,Student,Beauty & Personal Care,Face Cleanser,2024-12-20,3,425.27,1020.65,Debit Card,In-Store,Standard,Regular,0.2,19,2024-12-20,False,2024,12,December,Q4,51,Friday,False,Winter,True,Festive Peak (Q4),25-34,255.16,148.84,574.13,56.25
C0139,Tanvi Reddy,43,Male,Mumbai,West,Architect,Books,Python Programming,2024-12-11,1,855.98,684.78,Credit Card,Online,Standard,Regular,0.2,4,2024-12-11,False,2024,12,December,Q4,50,Wednesday,False,Winter,True,Festive Peak (Q4),35-44,171.2,342.39,342.39,50.0
C0028,Shreya Joshi,55,Male,Mumbai,West,Data Analyst,Home & Kitchen,Coffee Maker,2024-12-29,3,2645.24,7935.72,Credit Card,Online,Standard,Platinum,0.0,14,2024-12-30,False,2024,12,December,Q4,52,Sunday,True,Winter,True,Festive Peak (Q4),55+,0.0,1587.14,3174.3,40.0
C0074,Ananya Nair,67,Female,Noida,North,Doctor,Clothing,Slim Fit Jeans,2024-04-07,2,1277.49,2554.98,Net Banking,Online,Standard,Silver,0.0,11,2024-12-18,False,2024,4,April,Q2,14,Sunday,True,Spring,False,Spring,55+,0.0,574.87,1405.24,55.0
C0137,Aarav Bose,38,Male,Mumbai,West,Teacher,Clothing,Athletic Shorts,2024-10-14,1,801.91,641.53,Credit Card,Online,Standard,Regular,0.2,15,2024-12-26,False,2024,10,October,Q4,42,Monday,False,Autumn,True,Festive Peak (Q4),35-44,160.38,360.86,280.67,43.75
C0069,Neha Deshmukh,36,Male,Bangalore,South,Accountant,Clothing,Formal Shirt,2024-04-15,3,1179.77,3362.34,Cash on Delivery,Online,Standard,Regular,0.05,8,2024-11-20,False,2024,4,April,Q2,16,Monday,False,Spring,False,Spring,35-44,176.97,530.9,1769.64,52.63
C0107,Rohan Mukherjee,64,Male,Noida,North,Designer,Electronics,Bluetooth Speaker,2024-01-22,2,1995.35,3392.1,Credit Card,Online,Standard,Silver,0.15,5,2024-12-30,False,2024,1,January,Q1,4,Monday,False,Winter,False,Winter,55+,598.6,1396.74,598.62,17.65
C0064,Priya Nair,68,Male,Mumbai,West,Designer,Clothing,Casual Jacket,2024-01-18,1,4992.87,4743.23,UPI,In-Store,Standard,Regular,0.05,7,2024-12-09,False,2024,1,January,Q1,3,Thursday,False,Winter,False,Winter,55+,249.64,2246.79,2496.44,52.63
C0045,Priya Verma,34,Female,Chennai,South,Student,Sports & Fitness,Water Bottle 1L,2024-08-24,1,573.23,573.23,Debit Card,In-Store,Standard,Regular,0.0,19,2024-12-20,False,2024,8,August,Q3,34,Saturday,True,Summer,False,Summer,25-34,0.0,286.62,286.61,50.0
C0148,Divya Kumar,25,Male,Bangalore,South,Marketing Specialist,Books,Business Strategy Guide,2024-12-20,3,620.27,1860.81,UPI,Online,Standard,Silver,0.0,9,2024-12-20,False,2024,12,December,Q4,51,Friday,False,Winter,True,Festive Peak (Q4),25-34,0.0,248.11,1116.48,60.0
C0067,Shreya Kumar,29,Male,Bangalore,South,Architect,Sports & Fitness,Running Shoes,2024-09-14,1,3066.11,3066.11,UPI,Online,Standard,Silver,0.0,10,2024-11-27,False,2024,9,September,Q3,37,Saturday,True,Autumn,False,Autumn,25-34,0.0,1533.06,1533.05,50.0
C0132,Arjun Patel,43,Male,Pune,West,Product Manager,Electronics,Bluetooth Speaker,2024-09-18,1,2103.66,1998.48,UPI,In-Store,Standard,Gold,0.05,21,2024-12-03,False,2024,9,September,Q3,38,Wednesday,False,Autumn,False,Autumn,35-44,105.18,1472.56,525.92,26.32
C0040,Aarav Chopra,22,Male,Jaipur,North,Product Manager,Beauty & Personal Care,Face Cleanser,2024-10-09,1,476.49,476.49,UPI,Online,Standard,Gold,0.0,36,2024-12-27,False,2024,10,October,Q4,41,Wednesday,False,Autumn,True,Festive Peak (Q4),18-24,0.0,166.77,309.72,65.0
C0038,Aarav Das,68,Female,Ahmedabad,West,Sales Executive,Beauty & Personal Care,Perfume Spray,2024-10-18,1,2144.14,2144.14,UPI,Online,Standard,Platinum,0.0,2,2024-12-11,False,2024,10,October,Q4,42,Friday,False,Autumn,True,Festive Peak (Q4),55+,0.0,750.45,1393.69,65.0
C0005,Meera Mukherjee,61,Female,Chennai,South,Marketing Specialist,Sports & Fitness,Water Bottle 1L,2024-03-11,1,443.66,443.66,Credit Card,Online,Standard,Regular,0.0,19,2024-12-18,False,2024,3,March,Q1,11,Monday,False,Spring,False,Spring,55+,0.0,221.83,221.83,50.0
C0110,Rohan Reddy,35,Male,Ahmedabad,West,Data Analyst,Beauty & Personal Care,Perfume Spray,2024-01-27,2,1571.14,2670.94,Debit Card,Online,Standard,Platinum,0.15,24,2024-12-16,False,2024,1,January,Q1,4,Saturday,True,Winter,False,Winter,35-44,471.34,549.9,1571.14,58.82
C0059,Riya Mehta,51,Male,Kolkata,East,Designer,Clothing,Slim Fit Jeans,2024-02-03,1,1302.02,1302.02,UPI,Mobile App,Standard,Regular,0.0,5,2024-10-24,False,2024,2,February,Q1,5,Saturday,True,Winter,False,Winter,45-54,0.0,585.91,716.11,55.0
C0131,Ananya Mehta,64,Male,Noida,North,Student,Beauty & Personal Care,Perfume Spray,2024-04-25,1,1480.86,1332.77,Debit Card,In-Store,Standard,Platinum,0.1,43,2024-12-29,False,2024,4,April,Q2,17,Thursday,False,Spring,False,Spring,55+,148.09,518.3,814.47,61.11
C0079,Shreya Sharma,23,Female,Pune,West,Teacher,Clothing,Athletic Shorts,2024-11-19,2,609.42,1218.84,Cash on Delivery,Online,Standard,Regular,0.0,18,2024-12-01,False,2024,11,November,Q4,47,Tuesday,False,Autumn,True,Festive Peak (Q4),18-24,0.0,274.24,670.36,55.0
C0144,Varun Bose,36,Male,Delhi,North,Entrepreneur,Beauty & Personal Care,Herbal Shampoo,2024-12-06,1,376.08,338.47,Credit Card,In-Store,Standard,Silver,0.1,5,2024-12-06,False,2024,12,December,Q4,49,Friday,False,Winter,True,Festive Peak (Q4),35-44,37.61,131.63,206.84,61.11
C0031,Aarav Iyer,57,Male,Chennai,South,Architect,Beauty & Personal Care,Sunscreen SPF 50,2024-05-23,1,727.87,691.48,Debit Card,In-Store,Standard,Silver,0.05,12,2024-10-25,False,2024,5,May,Q2,21,Thursday,False,Spring,False,Spring,55+,36.39,254.75,436.73,63.16
C0131,Ananya Mehta,64,Male,Noida,North,Student,Sports & Fitness,Water Bottle 1L,2024-07-27,1,601.6,601.6,UPI,Online,Standard,Platinum,0.0,43,2024-12-29,False,2024,7,July,Q3,30,Saturday,True,Summer,False,Summer,55+,0.0,300.8,300.8,50.0
C0122,Amit Reddy,29,Male,Delhi,North,Financial Analyst,Clothing,Slim Fit Jeans,2024-10-22,1,2284.45,2284.45,UPI,Online,Standard,Regular,0.0,13,2024-12-21,False,2024,10,October,Q4,43,Tuesday,False,Autumn,True,Festive Peak (Q4),25-34,0.0,1028.0,1256.45,55.0
C0120,Tanvi Sharma,26,Female,Bhubaneswar,East,Financial Analyst,Home & Kitchen,Coffee Maker,2024-06-30,2,4348.61,8697.22,Debit Card,Online,Standard,Platinum,0.0,26,2024-12-25,True,2024,6,June,Q2,26,Sunday,True,Summer,False,Summer,25-34,0.0,2609.17,3478.88,40.0
C0130,Riya Singh,48,Male,Hyderabad,South,Product Manager,Beauty & Personal Care,Sunscreen SPF 50,2024-02-11,2,601.67,1083.01,UPI,Online,Standard,Silver,0.1,20,2024-12-21,False,2024,2,February,Q1,6,Sunday,True,Winter,False,Winter,45-54,120.33,210.58,661.85,61.11
C0120,Tanvi Sharma,26,Female,Bhubaneswar,East,Financial Analyst,Clothing,Casual Jacket,2024-03-29,5,2340.32,11701.6,Credit Card,Online,Standard,Platinum,0.0,26,2024-12-25,True,2024,3,March,Q1,13,Friday,False,Spring,False,Spring,25-34,0.0,1053.14,6435.9,55.0
C0106,Manish Bose,62,Male,Bhubaneswar,East,Financial Analyst,Electronics,Smartwatch,2024-03-05,1,7083.69,6375.32,Credit Card,In-Store,Standard,Gold,0.1,31,2024-12-30,False,2024,3,March,Q1,10,Tuesday,False,Spring,False,Spring,55+,708.37,4958.58,1416.74,22.22
C0025,Rahul Verma,47,Male,Hyderabad,South,Software Engineer,Clothing,Athletic Shorts,2024-12-24,2,1064.19,2128.38,Net Banking,Online,Standard,Silver,0.0,27,2024-12-24,False,2024,12,December,Q4,52,Tuesday,False,Winter,True,Festive Peak (Q4),45-54,0.0,478.89,1170.6,55.0
C0008,Siddharth Gupta,53,Male,Mumbai,West,Data Analyst,Clothing,Slim Fit Jeans,2024-01-22,1,1931.86,1738.67,Cash on Delivery,In-Store,Standard,Silver,0.1,3,2024-05-24,False,2024,1,January,Q1,4,Monday,False,Winter,False,Winter,45-54,193.19,869.34,869.33,50.0
C0135,Meera Patel,54,Female,Kolkata,East,Software Engineer,Electronics,USB-C Hub,2024-12-30,4,1211.67,4846.68,Debit Card,In-Store,Standard,Platinum,0.0,11,2024-12-30,False,2024,12,December,Q4,1,Monday,False,Winter,True,Festive Peak (Q4),45-54,0.0,848.17,1454.0,30.0
C0105,Ravi Gupta,69,Male,Hyderabad,South,Teacher,Books,Python Programming,2024-07-17,2,727.94,1383.09,Cash on Delivery,Online,Standard,Silver,0.05,2,2024-07-17,False,2024,7,July,Q3,29,Wednesday,False,Summer,False,Summer,55+,72.79,291.18,800.73,57.89
C0123,Ananya Joshi,54,Male,Jaipur,North,Doctor,Beauty & Personal Care,Sunscreen SPF 50,2024-12-09,3,656.87,1773.55,UPI,In-Store,Standard,Gold,0.1,26,2024-12-26,False,2024,12,December,Q4,50,Monday,False,Winter,True,Festive Peak (Q4),45-54,197.06,229.9,1083.85,61.11
C0080,Vikram Patel,36,Other,Noida,North,Architect,Electronics,Power Bank,2024-09-07,1,1105.38,1050.11,Credit Card,In-Store,Standard,Silver,0.05,16,2024-12-24,False,2024,9,September,Q3,36,Saturday,True,Autumn,False,Autumn,35-44,55.27,773.77,276.34,26.32
C0025,Rahul Verma,66,Male,Hyderabad,South,Software Engineer,Books,Business Strategy Guide,2024-09-03,1,753.57,753.57,UPI,In-Store,Standard,Silver,0.0,27,2024-12-24,False,2024,9,September,Q3,36,Tuesday,False,Autumn,False,Autumn,55+,0.0,301.43,452.14,60.0
C0025,Rahul Verma,66,Male,Hyderabad,South,Software Engineer,Books,Psychology of Money,2024-02-15,3,536.16,1286.78,Credit Card,Online,Standard,Silver,0.2,27,2024-12-24,False,2024,2,February,Q1,7,Thursday,False,Winter,False,Winter,55+,321.7,214.46,643.4,50.0
C0113,Nikhil Singh,47,Male,Hyderabad,South,Consultant,Clothing,Athletic Shorts,2024-09-06,2,1101.69,1983.04,Credit Card,In-Store,Standard,Regular,0.1,8,2024-12-28,False,2024,9,September,Q3,36,Friday,False,Autumn,False,Autumn,45-54,220.34,495.76,991.52,50.0
C0073,Neha Reddy,61,Female,Ahmedabad,West,Consultant,Sports & Fitness,Water Bottle 1L,2024-04-11,3,676.74,1928.71,Debit Card,In-Store,Standard,Silver,0.05,3,2024-04-11,False,2024,4,April,Q2,15,Thursday,False,Spring,False,Spring,55+,101.51,338.37,913.6,47.37
C0035,Amit Sharma,55,Female,Jaipur,North,Sales Executive,Beauty & Personal Care,Perfume Spray,2024-07-18,2,2331.73,4663.46,Credit Card,Online,Standard,Regular,0.0,8,2024-12-03,True,2024,7,July,Q3,29,Thursday,False,Summer,False,Summer,55+,0.0,816.11,3031.24,65.0
C0083,Ananya Nair,67,Male,Pune,West,Architect,Beauty & Personal Care,Moisturizing Cream,2024-09-24,1,401.62,401.62,Credit Card,In-Store,Standard,Silver,0.0,2,2024-09-24,False,2024,9,September,Q3,39,Tuesday,False,Autumn,False,Autumn,55+,0.0,140.57,261.05,65.0
C0014,Vikram Nair,58,Female,Chennai,South,Financial Analyst,Books,Business Strategy Guide,2024-08-17,2,699.06,1398.12,Cash on Delivery,Online,Standard,Silver,0.0,19,2024-12-21,False,2024,8,August,Q3,33,Saturday,True,Summer,False,Summer,55+,0.0,279.62,838.88,60.0
C0099,Arjun Mukherjee,40,Male,Bhubaneswar,East,Teacher,Beauty & Personal Care,Herbal Shampoo,2024-12-23,5,708.48,3188.16,Cash on Delivery,Online,Standard,Regular,0.1,10,2024-12-30,False,2024,12,December,Q4,52,Monday,False,Winter,True,Festive Peak (Q4),35-44,354.24,247.97,1948.31,61.11
C0045,Priya Verma,47,Female,Chennai,South,Student,Electronics,USB-C Hub,2024-04-27,2,1289.87,2579.74,Debit Card,Online,Standard,Regular,0.0,19,2024-12-20,False,2024,4,April,Q2,17,Saturday,True,Spring,False,Spring,45-54,0.0,902.91,773.92,30.0
C0123,Ananya Joshi,54,Male,Jaipur,North,Doctor,Beauty & Personal Care,Moisturizing Cream,2024-11-08,1,500.53,475.5,UPI,Online,Standard,Gold,0.05,26,2024-12-26,False,2024,11,November,Q4,45,Friday,False,Autumn,True,Festive Peak (Q4),45-54,25.03,175.19,300.31,63.16
C0051,Varun Das,47,Female,Bangalore,South,Financial Analyst,Home & Kitchen,Stainless Steel Knife Set,2024-04-02,1,1797.3,1797.3,Cash on Delivery,Online,Standard,Regular,0.0,15,2024-12-16,False,2024,4,April,Q2,14,Tuesday,False,Spring,False,Spring,45-54,0.0,1078.38,718.92,40.0
C0078,Karan Kumar,20,Female,Chennai,South,Accountant,Home & Kitchen,Ceramic Mug Set,2024-03-27,2,665.22,1330.44,UPI,Online,Standard,Silver,0.0,11,2024-10-05,False,2024,3,March,Q1,13,Wednesday,False,Spring,False,Spring,18-24,0.0,399.13,532.18,40.0
C0003,Nikhil Verma,47,Male,Pune,West,Software Engineer,Clothing,Slim Fit Jeans,2024-11-03,1,1672.45,1672.45,Debit Card,Online,Standard,Silver,0.0,5,2024-11-20,False,2024,11,November,Q4,44,Sunday,True,Autumn,True,Festive Peak (Q4),45-54,0.0,752.6,919.85,55.0
C0014,Vikram Nair,58,Female,Chennai,South,Financial Analyst,Beauty & Personal Care,Herbal Shampoo,2024-06-26,1,614.19,614.19,UPI,In-Store,Standard,Silver,0.0,19,2024-12-21,False,2024,6,June,Q2,26,Wednesday,False,Summer,False,Summer,55+,0.0,214.97,399.22,65.0
C0062,Amit Mehta,20,Female,Hyderabad,South,Designer,Clothing,Formal Shirt,2024-05-25,2,1003.06,1604.9,Credit Card,Mobile App,Standard,Silver,0.2,4,2024-09-02,False,2024,5,May,Q2,21,Saturday,True,Spring,False,Spring,18-24,401.22,451.38,702.14,43.75
C0080,Vikram Patel,36,Other,Noida,North,Architect,Beauty & Personal Care,Face Cleanser,2024-02-08,4,282.25,1016.1,UPI,In-Store,Standard,Silver,0.1,16,2024-12-24,False,2024,2,February,Q1,6,Thursday,False,Winter,False,Winter,35-44,112.9,98.79,620.94,61.11
C0104,Shreya Bose,65,Male,Kolkata,East,Product Manager,Beauty & Personal Care,Perfume Spray,2024-09-13,1,3001.98,2401.58,UPI,Online,Standard,Regular,0.2,22,2024-12-24,False,2024,9,September,Q3,37,Friday,False,Autumn,False,Autumn,55+,600.4,1050.69,1350.89,56.25
C0049,Riya Nair,39,Male,Kolkata,East,Teacher,Beauty & Personal Care,Herbal Shampoo,2024-09-05,2,532.33,851.73,Debit Card,In-Store,Standard,Silver,0.2,5,2024-09-05,False,2024,9,September,Q3,36,Thursday,False,Autumn,False,Autumn,35-44,212.93,186.32,479.09,56.25
C0114,Rohan Gupta,53,Other,Ahmedabad,West,Data Analyst,Electronics,USB-C Hub,2024-04-26,1,611.62,581.04,UPI,Online,Standard,Platinum,0.05,11,2024-12-11,False,2024,4,April,Q2,17,Friday,False,Spring,False,Spring,45-54,30.58,428.13,152.91,26.32
C0131,Ananya Mehta,64,Male,Noida,North,Student,Home & Kitchen,Non-Stick Frying Pan,2024-12-29,2,1351.2,2161.92,Net Banking,Online,Standard,Platinum,0.2,43,2024-12-29,False,2024,12,December,Q4,52,Sunday,True,Winter,True,Festive Peak (Q4),55+,540.48,810.72,540.48,25.0
C0122,Amit Reddy,29,Male,Delhi,North,Financial Analyst,Electronics,Smartwatch,2024-05-13,2,6838.74,11625.86,UPI,Online,Standard,Regular,0.15,13,2024-12-21,True,2024,5,May,Q2,20,Monday,False,Spring,False,Spring,25-34,2051.62,4787.12,2051.62,17.65
C0011,Ananya Mehta,35,Female,Hyderabad,South,Designer,Books,Python Programming,2024-05-29,1,778.32,739.4,Debit Card,Online,Standard,Regular,0.05,6,2024-11-11,False,2024,5,May,Q2,22,Wednesday,False,Spring,False,Spring,35-44,38.92,311.33,428.07,57.89
C0080,Vikram Patel,36,Other,Noida,North,Architect,Clothing,Casual Jacket,2024-04-12,1,3999.57,3799.59,Credit Card,Online,Standard,Silver,0.05,16,2024-12-24,False,2024,4,April,Q2,15,Friday,False,Spring,False,Spring,35-44,199.98,1799.81,1999.78,52.63
C0022,Tanvi Deshmukh,20,Male,Hyderabad,South,Student,Books,Atomic Habits,2024-05-01,3,780.97,2342.91,UPI,Online,Standard,Silver,0.0,8,2024-12-15,False,2024,5,May,Q2,18,Wednesday,False,Spring,False,Spring,18-24,0.0,312.39,1405.74,60.0
C0040,Aarav Chopra,22,Male,Jaipur,North,Product Manager,Sports & Fitness,Resistance Bands Set,2024-11-22,2,1014.62,1623.39,Cash on Delivery,Online,Standard,Gold,0.2,36,2024-12-27,False,2024,11,November,Q4,47,Friday,False,Autumn,True,Festive Peak (Q4),18-24,405.85,507.31,608.77,37.5
C0149,Ananya Singh,64,Female,Jaipur,North,Software Engineer,Beauty & Personal Care,Moisturizing Cream,2024-11-01,2,548.23,1041.64,UPI,Online,Standard,Platinum,0.05,17,2024-12-28,False,2024,11,November,Q4,44,Friday,False,Autumn,True,Festive Peak (Q4),55+,54.82,191.88,657.88,63.16
C0026,Aditi Verma,47,Male,Delhi,North,Software Engineer,Electronics,Power Bank,2024-01-25,5,1229.77,5533.96,Credit Card,Online,Standard,Silver,0.1,9,2024-12-18,False,2024,1,January,Q1,4,Thursday,False,Winter,False,Winter,45-54,614.89,860.84,1229.76,22.22
C0084,Riya Mukherjee,26,Male,Mumbai,West,Entrepreneur,Beauty & Personal Care,Moisturizing Cream,2024-05-16,1,383.25,344.92,UPI,Mobile App,Standard,Regular,0.1,11,2024-12-04,False,2024,5,May,Q2,20,Thursday,False,Spring,False,Spring,25-34,38.33,134.14,210.78,61.11
C0106,Manish Bose,62,Male,Bhubaneswar,East,Financial Analyst,Home & Kitchen,Electric Blender,2024-04-03,2,2518.91,5037.82,UPI,In-Store,Standard,Gold,0.0,31,2024-12-30,False,2024,4,April,Q2,14,Wednesday,False,Spring,False,Spring,55+,0.0,1511.35,2015.12,40.0
C0115,Amit Patel,47,Male,Jaipur,North,Sales Executive,Clothing,Slim Fit Jeans,2024-03-16,1,2257.85,2257.85,UPI,In-Store,Standard,Regular,0.0,14,2024-11-28,False,2024,3,March,Q1,11,Saturday,True,Spring,False,Spring,45-54,0.0,1016.03,1241.82,55.0
C0097,Vikram Deshmukh,27,Female,Kolkata,East,Software Engineer,Home & Kitchen,Ceramic Mug Set,2024-08-03,4,812.38,2924.57,Cash on Delivery,Online,Standard,Silver,0.1,15,2024-10-29,False,2024,8,August,Q3,31,Saturday,True,Summer,False,Summer,25-34,324.95,487.43,974.85,33.33
C0002,Manish Joshi,41,Male,Hyderabad,South,Financial Analyst,Books,Psychology of Money,2024-07-05,2,466.97,887.24,UPI,Online,Standard,Regular,0.05,8,2024-12-27,False,2024,7,July,Q3,27,Friday,False,Summer,False,Summer,35-44,46.7,186.79,513.66,57.89
C0055,Nikhil Sharma,56,Female,Pune,West,Teacher,Sports & Fitness,Adjustable Dumbbells,2024-10-20,2,4170.41,7923.78,Cash on Delivery,Online,Standard,Regular,0.05,17,2024-11-02,False,2024,10,October,Q4,42,Sunday,True,Autumn,True,Festive Peak (Q4),55+,417.04,2085.2,3753.38,47.37
C0089,Sneha Chopra,22,Other,Ahmedabad,West,Marketing Specialist,Home & Kitchen,Stainless Steel Knife Set,2024-08-01,1,1792.9,1613.61,Cash on Delivery,Online,Standard,Platinum,0.1,14,2024-11-14,False,2024,8,August,Q3,31,Thursday,False,Summer,False,Summer,18-24,179.29,1075.74,537.87,33.33
C0018,Pooja Bose,40,Female,Bhubaneswar,East,Entrepreneur,Home & Kitchen,Non-Stick Frying Pan,2024-05-25,2,1640.87,2625.39,Credit Card,Online,Standard,Silver,0.2,10,2024-11-27,False,2024,5,May,Q2,21,Saturday,True,Spring,False,Spring,35-44,656.35,984.52,656.35,25.0
C0057,Vikram Mukherjee,47,Female,Mumbai,West,Doctor,Sports & Fitness,Water Bottle 1L,2024-06-18,2,405.05,810.1,UPI,In-Store,Standard,Silver,0.0,11,2024-12-15,False,2024,6,June,Q2,25,Tuesday,False,Summer,False,Summer,45-54,0.0,202.52,405.06,50.0
C0008,Siddharth Gupta,53,Male,Mumbai,West,Data Analyst,Sports & Fitness,Yoga Mat,2024-03-17,2,1316.62,2369.92,Cash on Delivery,Online,Standard,Silver,0.1,3,2024-05-24,False,2024,3,March,Q1,11,Sunday,True,Spring,False,Spring,45-54,263.32,658.31,1053.3,44.44
C0017,Karan Mukherjee,59,Male,Jaipur,North,Consultant,Beauty & Personal Care,Moisturizing Cream,2024-11-26,1,459.65,436.67,UPI,Online,Standard,Silver,0.05,7,2024-12-08,False,2024,11,November,Q4,48,Tuesday,False,Autumn,True,Festive Peak (Q4),55+,22.98,160.88,275.79,63.16
C0064,Priya Nair,68,Male,Mumbai,West,Designer,Home & Kitchen,Ceramic Mug Set,2024-08-28,1,682.99,614.69,UPI,In-Store,Standard,Regular,0.1,7,2024-12-09,False,2024,8,August,Q3,35,Wednesday,False,Summer,False,Summer,55+,68.3,409.79,204.9,33.33
C0025,Rahul Verma,66,Male,Hyderabad,South,Software Engineer,Electronics,USB-C Hub,2024-08-13,1,1045.07,992.82,Credit Card,Online,Standard,Silver,0.05,27,2024-12-24,False,2024,8,August,Q3,33,Tuesday,False,Summer,False,Summer,55+,52.25,731.55,261.27,26.32
C0098,Shreya Mehta,23,Female,Bhubaneswar,East,Student,Electronics,Wireless Headphones,2024-12-25,1,2482.26,2482.26,Credit Card,Online,Standard,Silver,0.0,5,2024-12-25,False,2024,12,December,Q4,52,Wednesday,False,Winter,True,Festive Peak (Q4),18-24,0.0,1737.58,744.68,30.0
C0113,Nikhil Singh,47,Male,Hyderabad,South,Consultant,Clothing,Cotton T-Shirt,2024-01-30,1,465.26,465.26,UPI,Online,Standard,Regular,0.0,8,2024-12-28,False,2024,1,January,Q1,5,Tuesday,False,Winter,False,Winter,45-54,0.0,209.37,255.89,55.0
C0123,Ananya Joshi,54,Male,Jaipur,North,Doctor,Beauty & Personal Care,Moisturizing Cream,2024-05-22,1,535.28,535.28,Credit Card,Online,Standard,Gold,0.0,26,2024-12-26,False,2024,5,May,Q2,21,Wednesday,False,Spring,False,Spring,45-54,0.0,187.35,347.93,65.0
C0035,Amit Sharma,47,Female,Jaipur,North,Sales Executive,Clothing,Slim Fit Jeans,2024-07-07,1,2668.94,2402.05,UPI,Online,Standard,Regular,0.1,8,2024-12-03,False,2024,7,July,Q3,27,Sunday,True,Summer,False,Summer,45-54,266.89,1201.02,1201.03,50.0
C0030,Pooja Gupta,20,Female,Mumbai,West,Consultant,Electronics,USB-C Hub,2024-06-12,3,600.84,1802.52,UPI,In-Store,Standard,Gold,0.0,20,2024-12-13,False,2024,6,June,Q2,24,Wednesday,False,Summer,False,Summer,18-24,0.0,420.59,540.75,30.0
C0022,Tanvi Deshmukh,20,Male,Hyderabad,South,Student,Beauty & Personal Care,Sunscreen SPF 50,2024-11-15,4,892.31,3212.32,UPI,In-Store,Standard,Silver,0.1,8,2024-12-15,False,2024,11,November,Q4,46,Friday,False,Autumn,True,Festive Peak (Q4),18-24,356.92,312.31,1963.08,61.11
C0106,Manish Bose,62,Male,Bhubaneswar,East,Financial Analyst,Electronics,Smartwatch,2024-01-06,1,4105.64,4105.64,UPI,Online,Standard,Gold,0.0,31,2024-12-30,False,2024,1,January,Q1,1,Saturday,True,Winter,False,Winter,55+,0.0,2873.95,1231.69,30.0
C0115,Amit Patel,47,Male,Jaipur,North,Sales Executive,Clothing,Casual Jacket,2024-08-01,2,3282.4,5908.32,UPI,In-Store,Standard,Regular,0.1,14,2024-11-28,False,2024,8,August,Q3,31,Thursday,False,Summer,False,Summer,45-54,656.48,1477.08,2954.16,50.0
C0007,Karan Nair,19,Female,Bangalore,South,Accountant,Electronics,Power Bank,2024-09-26,1,1754.07,1578.66,UPI,Online,Standard,Silver,0.1,1,2024-09-26,False,2024,9,September,Q3,39,Thursday,False,Autumn,False,Autumn,18-24,175.41,1227.85,350.81,22.22
C0137,Aarav Bose,38,Male,Mumbai,West,Teacher,Electronics,Bluetooth Speaker,2024-02-11,1,1771.64,1505.89,Net Banking,In-Store,Standard,Regular,0.15,15,2024-12-26,False,2024,2,February,Q1,6,Sunday,True,Winter,False,Winter,35-44,265.75,1240.15,265.74,17.65
C0013,Aarav Chopra,68,Female,Jaipur,North,Marketing Specialist,Beauty & Personal Care,Moisturizing Cream,2024-05-05,1,897.09,762.53,Credit Card,Online,Standard,Regular,0.15,15,2024-12-02,False,2024,5,May,Q2,18,Sunday,True,Spring,False,Spring,55+,134.56,313.98,448.55,58.82
C0094,Siddharth Kumar,38,Female,Bhubaneswar,East,Marketing Specialist,Home & Kitchen,Electric Blender,2024-03-30,1,1608.26,1608.26,UPI,Mobile App,Standard,Regular,0.0,16,2024-12-05,False,2024,3,March,Q1,13,Saturday,True,Spring,False,Spring,35-44,0.0,964.96,643.3,40.0
C0115,Amit Patel,47,Male,Jaipur,North,Sales Executive,Home & Kitchen,Stainless Steel Knife Set,2024-04-18,2,947.33,1610.46,Debit Card,Online,Standard,Regular,0.15,14,2024-11-28,False,2024,4,April,Q2,16,Thursday,False,Spring,False,Spring,45-54,284.2,568.4,473.66,29.41
C0131,Ananya Mehta,64,Male,Noida,North,Student,Home & Kitchen,Non-Stick Frying Pan,2024-08-06,1,1002.63,902.37,UPI,In-Store,Standard,Platinum,0.1,43,2024-12-29,False,2024,8,August,Q3,32,Tuesday,False,Summer,False,Summer,55+,100.26,601.58,300.79,33.33
C0116,Siddharth Joshi,68,Female,Pune,West,Teacher,Clothing,Athletic Shorts,2024-05-07,1,945.23,897.97,Net Banking,In-Store,Standard,Regular,0.05,2,2024-05-07,False,2024,5,May,Q2,19,Tuesday,False,Spring,False,Spring,55+,47.26,425.35,472.62,52.63
C0124,Arjun Joshi,21,Male,Kolkata,East,Architect,Beauty & Personal Care,Herbal Shampoo,2024-04-04,2,677.48,1219.46,UPI,Online,Standard,Regular,0.1,2,2024-09-17,False,2024,4,April,Q2,14,Thursday,False,Spring,False,Spring,18-24,135.5,237.12,745.22,61.11
C0056,Rohan Chopra,33,Male,Ahmedabad,West,Architect,Books,Business Strategy Guide,2024-10-18,4,473.6,1704.96,Credit Card,Mobile App,Standard,Silver,0.1,15,2024-12-20,False,2024,10,October,Q4,42,Friday,False,Autumn,True,Festive Peak (Q4),25-34,189.44,189.44,947.2,55.56
C0126,Siddharth Kumar,31,Male,Hyderabad,South,Marketing Specialist,Clothing,Athletic Shorts,2024-01-01,1,597.48,567.61,Credit Card,Online,Standard,Silver,0.05,19,2024-12-24,False,2024,1,January,Q1,1,Monday,False,Winter,False,Winter,25-34,29.87,268.87,298.74,52.63
C0132,Arjun Patel,43,Male,Pune,West,Product Manager,Books,Atomic Habits,2024-09-28,1,587.19,499.11,UPI,Online,Standard,Gold,0.15,21,2024-12-03,False,2024,9,September,Q3,39,Saturday,True,Autumn,False,Autumn,35-44,88.08,234.88,264.23,52.94
C0094,Siddharth Kumar,38,Female,Bhubaneswar,East,Marketing Specialist,Clothing,Formal Shirt,2024-11-20,1,1566.74,1488.4,UPI,Online,Standard,Regular,0.05,16,2024-12-05,False,2024,11,November,Q4,47,Wednesday,False,Autumn,True,Festive Peak (Q4),35-44,78.34,705.03,783.37,52.63
C0126,Siddharth Kumar,31,Male,Hyderabad,South,Marketing Specialist,Sports & Fitness,Adjustable Dumbbells,2024-11-15,1,2158.9,1727.12,Debit Card,In-Store,Standard,Silver,0.2,19,2024-12-24,False,2024,11,November,Q4,46,Friday,False,Autumn,True,Festive Peak (Q4),25-34,431.78,1079.45,647.67,37.5
C0077,Arjun Kumar,47,Male,Kolkata,East,Product Manager,Electronics,Smartwatch,2024-05-11,1,6392.15,5752.94,UPI,In-Store,Standard,Gold,0.1,11,2024-12-18,False,2024,5,May,Q2,19,Saturday,True,Spring,False,Spring,45-54,639.22,4474.5,1278.44,22.22
C0108,Arjun Mukherjee,54,Male,Bangalore,South,Architect,Beauty & Personal Care,Sunscreen SPF 50,2024-10-16,1,521.89,417.51,UPI,Online,Standard,Regular,0.2,4,2024-10-16,False,2024,10,October,Q4,42,Wednesday,False,Autumn,True,Festive Peak (Q4),45-54,104.38,182.66,234.85,56.25
C0092,Aditi Chopra,51,Male,Jaipur,North,Student,Clothing,Athletic Shorts,2024-03-19,2,1017.36,1729.51,UPI,Online,Standard,Silver,0.15,9,2024-09-23,False,2024,3,March,Q1,12,Tuesday,False,Spring,False,Spring,45-54,305.21,457.81,813.89,47.06
C0119,Shreya Nair,40,Female,Noida,North,Entrepreneur,Beauty & Personal Care,Herbal Shampoo,2024-03-10,1,663.63,630.45,Cash on Delivery,Mobile App,Standard,Regular,0.05,36,2024-12-31,False,2024,3,March,Q1,10,Sunday,True,Spring,False,Spring,35-44,33.18,232.27,398.18,63.16
C0018,Pooja Bose,40,Female,Bhubaneswar,East,Entrepreneur,Home & Kitchen,Ceramic Mug Set,2024-11-27,1,823.82,823.82,UPI,Mobile App,Standard,Silver,0.0,10,2024-11-27,False,2024,11,November,Q4,48,Wednesday,False,Autumn,True,Festive Peak (Q4),35-44,0.0,494.29,329.53,40.0
C0013,Aarav Chopra,68,Female,Jaipur,North,Marketing Specialist,Home & Kitchen,Coffee Maker,2024-03-23,1,4368.77,4150.33,Credit Card,Online,Standard,Regular,0.05,15,2024-12-02,False,2024,3,March,Q1,12,Saturday,True,Spring,False,Spring,55+,218.44,2621.26,1529.07,36.84
C0040,Aarav Chopra,22,Male,Jaipur,North,Product Manager,Books,Psychology of Money,2024-04-07,1,666.85,666.85,Debit Card,Mobile App,Standard,Gold,0.0,36,2024-12-27,False,2024,4,April,Q2,14,Sunday,True,Spring,False,Spring,18-24,0.0,266.74,400.11,60.0
C0029,Amit Mukherjee,26,Male,Ahmedabad,West,Entrepreneur,Books,Data Analytics Handbook,2024-02-26,3,1106.59,2987.79,UPI,In-Store,Standard,Regular,0.1,6,2024-11-12,True,2024,2,February,Q1,9,Monday,False,Winter,False,Winter,25-34,331.98,442.64,1659.87,55.56
C0131,Ananya Mehta,64,Male,Noida,North,Student,Sports & Fitness,Running Shoes,2024-01-16,1,2601.57,2341.41,UPI,Online,Standard,Platinum,0.1,43,2024-12-29,False,2024,1,January,Q1,3,Tuesday,False,Winter,False,Winter,55+,260.16,1300.79,1040.62,44.44
C0145,Meera Iyer,35,Male,Jaipur,North,Data Analyst,Sports & Fitness,Water Bottle 1L,2024-01-02,1,677.27,643.41,Credit Card,In-Store,Standard,Silver,0.05,13,2024-12-16,False,2024,1,January,Q1,1,Tuesday,False,Winter,False,Winter,35-44,33.86,338.64,304.77,47.37
C0056,Rohan Chopra,33,Male,Ahmedabad,West,Architect,Electronics,Power Bank,2024-07-29,1,1596.04,1516.24,UPI,Online,Standard,Silver,0.05,15,2024-12-20,False,2024,7,July,Q3,31,Monday,False,Summer,False,Summer,25-34,79.8,1117.23,399.01,26.32
C0031,Aarav Iyer,57,Male,Chennai,South,Architect,Beauty & Personal Care,Herbal Shampoo,2024-07-10,1,458.55,458.55,Credit Card,In-Store,Standard,Silver,0.0,12,2024-10-25,False,2024,7,July,Q3,28,Wednesday,False,Summer,False,Summer,55+,0.0,160.49,298.06,65.0
C0123,Ananya Joshi,54,Male,Jaipur,North,Doctor,Books,Atomic Habits,2024-02-03,2,537.04,1074.08,Debit Card,In-Store,Standard,Gold,0.0,26,2024-12-26,False,2024,2,February,Q1,5,Saturday,True,Winter,False,Winter,45-54,0.0,214.82,644.44,60.0
C0110,Rohan Reddy,35,Male,Ahmedabad,West,Data Analyst,Clothing,Casual Jacket,2024-08-11,1,2207.11,2207.11,Net Banking,In-Store,Standard,Platinum,0.0,24,2024-12-16,False,2024,8,August,Q3,32,Sunday,True,Summer,False,Summer,35-44,0.0,993.2,1213.91,55.0
C0084,Riya Mukherjee,26,Male,Mumbai,West,Entrepreneur,Sports & Fitness,Water Bottle 1L,2024-06-18,1,366.13,366.13,Credit Card,Online,Standard,Regular,0.0,11,2024-12-04,False,2024,6,June,Q2,25,Tuesday,False,Summer,False,Summer,25-34,0.0,183.06,183.07,50.0
C0097,Vikram Deshmukh,27,Female,Kolkata,East,Software Engineer,Books,Psychology of Money,2024-05-09,1,599.43,569.46,Credit Card,Online,Standard,Silver,0.05,15,2024-10-29,False,2024,5,May,Q2,19,Thursday,False,Spring,False,Spring,25-34,29.97,239.77,329.69,57.9
C0117,Pooja Gupta,50,Female,Delhi,North,Designer,Beauty & Personal Care,Sunscreen SPF 50,2024-04-26,1,655.47,589.92,UPI,Online,Standard,Regular,0.1,6,2024-11-26,False,2024,4,April,Q2,17,Friday,False,Spring,False,Spring,45-54,65.55,229.41,360.51,61.11
C0040,Aarav Chopra,22,Male,Jaipur,North,Product Manager,Electronics,USB-C Hub,2024-05-16,1,1364.03,1364.03,Credit Card,Online,Standard,Gold,0.0,36,2024-12-27,False,2024,5,May,Q2,20,Thursday,False,Spring,False,Spring,18-24,0.0,954.82,409.21,30.0
C0149,Ananya Singh,64,Female,Jaipur,North,Software Engineer,Clothing,Casual Jacket,2024-03-14,1,2720.66,2720.66,UPI,Mobile App,Standard,Platinum,0.0,17,2024-12-28,False,2024,3,March,Q1,11,Thursday,False,Spring,False,Spring,55+,0.0,1224.3,1496.36,55.0
C0145,Meera Iyer,35,Male,Jaipur,North,Data Analyst,Clothing,Cotton T-Shirt,2024-12-03,2,697.67,1395.34,Credit Card,Online,Standard,Silver,0.0,13,2024-12-16,False,2024,12,December,Q4,49,Tuesday,False,Winter,True,Festive Peak (Q4),35-44,0.0,313.95,767.44,55.0
C0110,Rohan Reddy,35,Male,Ahmedabad,West,Data Analyst,Sports & Fitness,Resistance Bands Set,2024-01-26,1,725.53,652.98,Cash on Delivery,Online,Standard,Platinum,0.1,24,2024-12-16,False,2024,1,January,Q1,4,Friday,False,Winter,False,Winter,35-44,72.55,362.76,290.22,44.45
C0035,Amit Sharma,55,Female,Jaipur,North,Sales Executive,Sports & Fitness,Resistance Bands Set,2024-03-16,3,646.15,1841.53,Credit Card,In-Store,Standard,Regular,0.05,8,2024-12-03,False,2024,3,March,Q1,11,Saturday,True,Spring,False,Spring,55+,96.92,323.08,872.29,47.37
C0112,Aditi Joshi,62,Male,Chennai,South,Software Engineer,Home & Kitchen,Stainless Steel Knife Set,2024-12-21,2,1549.54,3099.08,UPI,Online,Standard,Gold,0.0,13,2024-12-28,False,2024,12,December,Q4,51,Saturday,True,Winter,True,Festive Peak (Q4),55+,0.0,929.72,1239.64,40.0
C0014,Vikram Nair,58,Female,Chennai,South,Financial Analyst,Clothing,Slim Fit Jeans,2024-05-27,1,2250.16,2025.14,Credit Card,Online,Standard,Silver,0.1,19,2024-12-21,False,2024,5,May,Q2,22,Monday,False,Spring,False,Spring,55+,225.02,1012.57,1012.57,50.0
C0005,Meera Mukherjee,61,Female,Chennai,South,Marketing Specialist,Electronics,Smartwatch,2024-08-03,1,2355.83,2355.83,Credit Card,Online,Standard,Regular,0.0,19,2024-12-18,False,2024,8,August,Q3,31,Saturday,True,Summer,False,Summer,55+,0.0,1649.08,706.75,30.0
C0041,Ravi Das,61,Female,Pune,West,Teacher,Beauty & Personal Care,Sunscreen SPF 50,2024-07-04,2,791.28,1582.56,Credit Card,Online,Standard,Silver,0.0,12,2024-11-09,False,2024,7,July,Q3,27,Thursday,False,Summer,False,Summer,55+,0.0,276.95,1028.66,65.0
C0079,Shreya Sharma,23,Female,Pune,West,Teacher,Clothing,Cotton T-Shirt,2024-10-30,1,686.37,686.37,Debit Card,In-Store,Standard,Regular,0.0,18,2024-12-01,False,2024,10,October,Q4,44,Wednesday,False,Autumn,True,Festive Peak (Q4),18-24,0.0,308.87,377.5,55.0
C0131,Ananya Mehta,64,Male,Noida,North,Student,Beauty & Personal Care,Sunscreen SPF 50,2024-02-13,1,1006.11,1006.11,UPI,In-Store,Standard,Platinum,0.0,43,2024-12-29,False,2024,2,February,Q1,7,Tuesday,False,Winter,False,Winter,55+,0.0,352.14,653.97,65.0
C0119,Shreya Nair,40,Female,Noida,North,Entrepreneur,Books,Atomic Habits,2024-09-18,1,557.45,473.83,UPI,Online,Standard,Regular,0.15,36,2024-12-31,False,2024,9,September,Q3,38,Wednesday,False,Autumn,False,Autumn,35-44,83.62,222.98,250.85,52.94
C0119,Shreya Nair,40,Female,Noida,North,Entrepreneur,Sports & Fitness,Resistance Bands Set,2024-06-29,3,591.88,1598.08,UPI,Online,Standard,Regular,0.1,36,2024-12-31,False,2024,6,June,Q2,26,Saturday,True,Summer,False,Summer,35-44,177.56,295.94,710.26,44.44
C0072,Priya Nair,22,Female,Bhubaneswar,East,Student,Sports & Fitness,Running Shoes,2024-02-04,2,4927.86,7884.58,Debit Card,Online,Standard,Gold,0.2,5,2024-08-29,False,2024,2,February,Q1,5,Sunday,True,Winter,False,Winter,18-24,1971.14,2463.93,2956.72,37.5
C0056,Rohan Chopra,33,Male,Ahmedabad,West,Architect,Books,Business Strategy Guide,2024-08-10,2,476.41,952.82,Credit Card,Online,Standard,Silver,0.0,15,2024-12-20,False,2024,8,August,Q3,32,Saturday,True,Summer,False,Summer,25-34,0.0,190.56,571.7,60.0
C0060,Aarav Iyer,62,Male,Hyderabad,South,Consultant,Clothing,Athletic Shorts,2024-05-09,4,932.04,3355.34,UPI,Online,Standard,Regular,0.1,1,2024-05-09,False,2024,5,May,Q2,19,Thursday,False,Spring,False,Spring,55+,372.82,419.42,1677.66,50.0
C0149,Ananya Singh,64,Female,Jaipur,North,Software Engineer,Home & Kitchen,Coffee Maker,2024-05-18,1,3426.67,3255.34,Net Banking,Online,Standard,Platinum,0.05,17,2024-12-28,False,2024,5,May,Q2,20,Saturday,True,Spring,False,Spring,55+,171.33,2056.0,1199.34,36.84
C0011,Ananya Mehta,35,Female,Hyderabad,South,Designer,Beauty & Personal Care,Face Cleanser,2024-08-29,1,404.22,343.59,UPI,Mobile App,Standard,Regular,0.15,6,2024-11-11,False,2024,8,August,Q3,35,Thursday,False,Summer,False,Summer,35-44,60.63,141.48,202.11,58.82
C0131,Ananya Mehta,64,Male,Noida,North,Student,Electronics,Wireless Headphones,2024-03-26,3,3674.09,9368.93,UPI,Online,Standard,Platinum,0.15,43,2024-12-29,False,2024,3,March,Q1,13,Tuesday,False,Spring,False,Spring,55+,1653.34,2571.86,1653.35,17.65
C0099,Arjun Mukherjee,40,Male,Bhubaneswar,East,Teacher,Clothing,Casual Jacket,2024-12-06,5,2256.21,10717.0,Credit Card,In-Store,Standard,Regular,0.05,10,2024-12-30,True,2024,12,December,Q4,49,Friday,False,Winter,True,Festive Peak (Q4),35-44,564.05,1015.29,5640.55,52.63
C0074,Ananya Nair,67,Female,Noida,North,Doctor,Beauty & Personal Care,Moisturizing Cream,2024-03-14,3,624.09,1872.27,UPI,Online,Standard,Silver,0.0,11,2024-12-18,False,2024,3,March,Q1,11,Thursday,False,Spring,False,Spring,55+,0.0,218.43,1216.98,65.0
C0119,Shreya Nair,40,Female,Noida,North,Entrepreneur,Home & Kitchen,Electric Blender,2024-10-13,1,2183.92,2183.92,Net Banking,Online,Standard,Regular,0.0,36,2024-12-31,False,2024,10,October,Q4,41,Sunday,True,Autumn,True,Festive Peak (Q4),35-44,0.0,1310.35,873.57,40.0
C0080,Vikram Patel,36,Other,Noida,North,Architect,Electronics,USB-C Hub,2024-02-09,1,635.93,604.13,Credit Card,Mobile App,Standard,Silver,0.05,16,2024-12-24,False,2024,2,February,Q1,6,Friday,False,Winter,False,Winter,35-44,31.8,445.15,158.98,26.32
C0131,Ananya Mehta,64,Male,Noida,North,Student,Sports & Fitness,Adjustable Dumbbells,2024-08-05,5,2712.72,11529.06,Debit Card,Online,Standard,Platinum,0.15,43,2024-12-29,True,2024,8,August,Q3,32,Monday,False,Summer,False,Summer,55+,2034.54,1356.36,4747.26,41.18
C0133,Priya Iyer,63,Female,Kolkata,East,Entrepreneur,Home & Kitchen,Electric Blender,2024-11-05,1,2274.6,2047.14,Credit Card,Online,Standard,Gold,0.1,3,2024-11-05,False,2024,11,November,Q4,45,Tuesday,False,Autumn,True,Festive Peak (Q4),55+,227.46,1364.76,682.38,33.33
C0070,Tanvi Gupta,64,Male,Pune,West,Marketing Specialist,Clothing,Cotton T-Shirt,2024-12-04,1,837.86,837.86,Credit Card,Online,Standard,Platinum,0.0,3,2024-12-30,False,2024,12,December,Q4,49,Wednesday,False,Winter,True,Festive Peak (Q4),55+,0.0,377.04,460.82,55.0
C0045,Priya Verma,34,Female,Chennai,South,Student,Beauty & Personal Care,Sunscreen SPF 50,2024-09-14,4,460.42,1841.68,Net Banking,Online,Standard,Regular,0.0,19,2024-12-20,False,2024,9,September,Q3,37,Saturday,True,Autumn,False,Autumn,25-34,0.0,161.15,1197.08,65.0
C0101,Divya Deshmukh,68,Male,Pune,West,Data Analyst,Books,Python Programming,2024-11-25,1,991.12,941.56,UPI,In-Store,Standard,Silver,0.05,8,2024-12-30,False,2024,11,November,Q4,48,Monday,False,Autumn,True,Festive Peak (Q4),55+,49.56,396.45,545.11,57.89
C0134,Divya Reddy,64,Female,Bhubaneswar,East,Accountant,Beauty & Personal Care,Herbal Shampoo,2024-03-05,1,435.43,391.89,Cash on Delivery,Mobile App,Standard,Gold,0.1,11,2024-11-29,False,2024,3,March,Q1,10,Tuesday,False,Spring,False,Spring,55+,43.54,152.4,239.49,61.11
C0037,Aarav Bose,65,Female,Hyderabad,South,Consultant,Sports & Fitness,Running Shoes,2024-05-30,5,2517.85,12589.25,Cash on Delivery,In-Store,Standard,Regular,0.0,2,2024-05-30,True,2024,5,May,Q2,22,Thursday,False,Spring,False,Spring,55+,0.0,1258.92,6294.65,50.0
C0106,Manish Bose,62,Male,Bhubaneswar,East,Financial Analyst,Sports & Fitness,Adjustable Dumbbells,2024-12-18,1,1603.29,1362.8,Cash on Delivery,Online,Standard,Gold,0.15,31,2024-12-30,False,2024,12,December,Q4,51,Wednesday,False,Winter,True,Festive Peak (Q4),55+,240.49,801.64,561.16,41.18
C0106,Manish Bose,62,Male,Bhubaneswar,East,Financial Analyst,Home & Kitchen,Ceramic Mug Set,2024-12-30,1,986.18,936.87,Cash on Delivery,Online,Standard,Gold,0.05,31,2024-12-30,False,2024,12,December,Q4,1,Monday,False,Winter,True,Festive Peak (Q4),55+,49.31,591.71,345.16,36.84
C0119,Shreya Nair,40,Female,Noida,North,Entrepreneur,Electronics,Wireless Headphones,2024-05-22,4,3795.95,15183.8,UPI,Online,Standard,Regular,0.0,36,2024-12-31,True,2024,5,May,Q2,21,Wednesday,False,Spring,False,Spring,35-44,0.0,2657.16,4555.16,30.0
C0025,Rahul Verma,66,Male,Hyderabad,South,Software Engineer,Books,Python Programming,2024-08-02,1,1055.19,1055.19,Credit Card,Mobile App,Standard,Silver,0.0,27,2024-12-24,False,2024,8,August,Q3,31,Friday,False,Summer,False,Summer,55+,0.0,422.08,633.11,60.0
C0116,Siddharth Joshi,68,Female,Pune,West,Teacher,Clothing,Casual Jacket,2024-04-14,1,4843.06,4843.06,UPI,Online,Standard,Regular,0.0,2,2024-05-07,False,2024,4,April,Q2,15,Sunday,True,Spring,False,Spring,55+,0.0,2179.38,2663.68,55.0
C0134,Divya Reddy,64,Female,Bhubaneswar,East,Accountant,Beauty & Personal Care,Sunscreen SPF 50,2024-01-01,1,1050.8,1050.8,UPI,Online,Standard,Gold,0.0,11,2024-11-29,False,2024,1,January,Q1,1,Monday,False,Winter,False,Winter,55+,0.0,367.78,683.02,65.0
C0030,Pooja Gupta,20,Female,Mumbai,West,Consultant,Home & Kitchen,Electric Blender,2024-05-29,1,2645.86,2645.86,Credit Card,Online,Standard,Gold,0.0,20,2024-12-13,False,2024,5,May,Q2,22,Wednesday,False,Spring,False,Spring,18-24,0.0,1587.52,1058.34,40.0
C0040,Aarav Chopra,22,Male,Jaipur,North,Product Manager,Electronics,Bluetooth Speaker,2024-03-20,3,2383.33,6792.49,Credit Card,Mobile App,Standard,Gold,0.05,36,2024-12-27,False,2024,3,March,Q1,12,Wednesday,False,Spring,False,Spring,18-24,357.5,1668.33,1787.5,26.32
C0145,Meera Iyer,35,Male,Jaipur,North,Data Analyst,Books,Python Programming,2024-04-23,2,811.5,1460.7,UPI,Online,Standard,Silver,0.1,13,2024-12-16,False,2024,4,April,Q2,17,Tuesday,False,Spring,False,Spring,35-44,162.3,324.6,811.5,55.56
C0031,Aarav Iyer,47,Male,Chennai,South,Architect,Beauty & Personal Care,Perfume Spray,2024-07-25,3,1669.19,4757.19,Credit Card,Online,Standard,Silver,0.05,12,2024-10-25,True,2024,7,July,Q3,30,Thursday,False,Summer,False,Summer,45-54,250.38,584.22,3004.53,63.16
C0130,Riya Singh,48,Male,Hyderabad,South,Product Manager,Sports & Fitness,Running Shoes,2024-12-21,2,4277.92,8555.84,UPI,Online,Standard,Silver,0.0,20,2024-12-21,False,2024,12,December,Q4,51,Saturday,True,Winter,True,Festive Peak (Q4),45-54,0.0,2138.96,4277.92,50.0
C0083,Ananya Nair,67,Male,Pune,West,Architect,Sports & Fitness,Water Bottle 1L,2024-02-11,3,487.93,1463.79,Credit Card,In-Store,Standard,Silver,0.0,2,2024-09-24,False,2024,2,February,Q1,6,Sunday,True,Winter,False,Winter,55+,0.0,243.96,731.91,50.0
C0040,Aarav Chopra,22,Male,Jaipur,North,Product Manager,Beauty & Personal Care,Herbal Shampoo,2024-03-18,1,534.7,427.76,UPI,Online,Standard,Gold,0.2,36,2024-12-27,False,2024,3,March,Q1,12,Monday,False,Spring,False,Spring,18-24,106.94,187.14,240.62,56.25
C0131,Ananya Mehta,64,Male,Noida,North,Student,Books,Python Programming,2024-11-01,1,883.24,883.24,Net Banking,Online,Standard,Platinum,0.0,43,2024-12-29,False,2024,11,November,Q4,44,Friday,False,Autumn,True,Festive Peak (Q4),55+,0.0,353.3,529.94,60.0
C0076,Pooja Patel,48,Female,Ahmedabad,West,Consultant,Electronics,Power Bank,2024-03-11,1,1372.38,1166.52,Cash on Delivery,Mobile App,Standard,Silver,0.15,5,2024-12-23,False,2024,3,March,Q1,11,Monday,False,Spring,False,Spring,45-54,205.86,960.67,205.85,17.65
C0089,Sneha Chopra,22,Other,Ahmedabad,West,Marketing Specialist,Beauty & Personal Care,Perfume Spray,2024-10-03,3,2458.8,7376.4,UPI,Online,Standard,Platinum,0.0,14,2024-11-14,True,2024,10,October,Q4,40,Thursday,False,Autumn,True,Festive Peak (Q4),18-24,0.0,860.58,4794.66,65.0
C0058,Meera Mehta,50,Male,Pune,West,Consultant,Electronics,USB-C Hub,2024-11-18,2,649.47,1298.94,UPI,Online,Standard,Gold,0.0,4,2024-12-18,False,2024,11,November,Q4,47,Monday,False,Autumn,True,Festive Peak (Q4),45-54,0.0,454.63,389.68,30.0
C0101,Divya Deshmukh,68,Male,Pune,West,Data Analyst,Beauty & Personal Care,Face Cleanser,2024-07-16,1,597.87,538.08,Cash on Delivery,Online,Standard,Silver,0.1,8,2024-12-30,False,2024,7,July,Q3,29,Tuesday,False,Summer,False,Summer,55+,59.79,209.25,328.83,61.11
C0029,Amit Mukherjee,26,Male,Ahmedabad,West,Entrepreneur,Clothing,Casual Jacket,2024-02-11,1,4845.11,4845.11,UPI,Online,Standard,Regular,0.0,6,2024-11-12,False,2024,2,February,Q1,6,Sunday,True,Winter,False,Winter,25-34,0.0,2180.3,2664.81,55.0
C0062,Amit Mehta,20,Female,Hyderabad,South,Designer,Books,Python Programming,2024-09-02,1,961.78,817.51,Credit Card,Online,Standard,Silver,0.15,4,2024-09-02,False,2024,9,September,Q3,36,Monday,False,Autumn,False,Autumn,18-24,144.27,384.71,432.8,52.94
C0145,Meera Iyer,35,Male,Jaipur,North,Data Analyst,Books,Data Analytics Handbook,2024-07-14,1,1111.99,1000.79,Credit Card,Mobile App,Standard,Silver,0.1,13,2024-12-16,False,2024,7,July,Q3,28,Sunday,True,Summer,False,Summer,35-44,111.2,444.8,555.99,55.56
C0041,Ravi Das,61,Female,Pune,West,Teacher,Beauty & Personal Care,Sunscreen SPF 50,2024-07-27,2,691.13,1382.26,Debit Card,Online,Standard,Silver,0.0,12,2024-11-09,False,2024,7,July,Q3,30,Saturday,True,Summer,False,Summer,55+,0.0,241.9,898.46,65.0
C0110,Rohan Reddy,35,Male,Ahmedabad,West,Data Analyst,Sports & Fitness,Resistance Bands Set,2024-11-16,1,803.54,683.01,UPI,Online,Standard,Platinum,0.15,24,2024-12-16,False,2024,11,November,Q4,46,Saturday,True,Autumn,True,Festive Peak (Q4),35-44,120.53,401.77,281.24,41.18
C0055,Nikhil Sharma,56,Female,Pune,West,Teacher,Books,Python Programming,2024-08-07,3,832.07,2496.21,Credit Card,Mobile App,Standard,Regular,0.0,17,2024-11-02,False,2024,8,August,Q3,32,Wednesday,False,Summer,False,Summer,55+,0.0,332.83,1497.72,60.0
C0120,Tanvi Sharma,26,Female,Bhubaneswar,East,Financial Analyst,Books,Business Strategy Guide,2024-07-19,1,636.02,604.22,Cash on Delivery,Online,Standard,Platinum,0.05,26,2024-12-25,False,2024,7,July,Q3,29,Friday,False,Summer,False,Summer,25-34,31.8,254.41,349.81,57.89
C0025,Rahul Verma,66,Male,Hyderabad,South,Software Engineer,Beauty & Personal Care,Perfume Spray,2024-07-12,1,3126.13,2657.21,UPI,In-Store,Standard,Silver,0.15,27,2024-12-24,False,2024,7,July,Q3,28,Friday,False,Summer,False,Summer,55+,468.92,1094.15,1563.06,58.82
C0145,Meera Iyer,47,Male,Jaipur,North,Data Analyst,Books,Python Programming,2024-12-16,1,1001.96,901.76,UPI,Online,Standard,Silver,0.1,13,2024-12-16,False,2024,12,December,Q4,51,Monday,False,Winter,True,Festive Peak (Q4),45-54,100.2,400.78,500.98,55.56
C0078,Karan Kumar,20,Female,Chennai,South,Accountant,Beauty & Personal Care,Sunscreen SPF 50,2024-01-17,1,956.59,860.93,Debit Card,In-Store,Standard,Silver,0.1,11,2024-10-05,False,2024,1,January,Q1,3,Wednesday,False,Winter,False,Winter,18-24,95.66,334.81,526.12,61.11
C0040,Aarav Chopra,22,Male,Jaipur,North,Product Manager,Clothing,Slim Fit Jeans,2024-02-13,2,2273.06,4546.12,Credit Card,Online,Standard,Gold,0.0,36,2024-12-27,False,2024,2,February,Q1,7,Tuesday,False,Winter,False,Winter,18-24,0.0,1022.88,2500.36,55.0
C0015,Aarav Das,52,Female,Ahmedabad,West,Student,Home & Kitchen,Electric Blender,2024-05-24,1,1702.34,1617.22,UPI,Online,Standard,Platinum,0.05,1,2024-05-24,False,2024,5,May,Q2,21,Friday,False,Spring,False,Spring,45-54,85.12,1021.4,595.82,36.84
C0030,Pooja Gupta,20,Female,Mumbai,West,Consultant,Electronics,Power Bank,2024-08-06,1,1056.25,950.62,Net Banking,Mobile App,Standard,Gold,0.1,20,2024-12-13,False,2024,8,August,Q3,32,Tuesday,False,Summer,False,Summer,18-24,105.62,739.38,211.24,22.22
C0089,Sneha Chopra,22,Other,Ahmedabad,West,Marketing Specialist,Home & Kitchen,Non-Stick Frying Pan,2024-10-17,1,1333.27,1199.94,Debit Card,Mobile App,Standard,Platinum,0.1,14,2024-11-14,False,2024,10,October,Q4,42,Thursday,False,Autumn,True,Festive Peak (Q4),18-24,133.33,799.96,399.98,33.33
C0056,Rohan Chopra,33,Male,Ahmedabad,West,Architect,Books,Atomic Habits,2024-12-20,2,543.87,1087.74,Debit Card,Online,Standard,Silver,0.0,15,2024-12-20,False,2024,12,December,Q4,51,Friday,False,Winter,True,Festive Peak (Q4),25-34,0.0,217.55,652.64,60.0
C0128,Aarav Patel,53,Other,Chennai,South,Software Engineer,Beauty & Personal Care,Herbal Shampoo,2024-11-18,1,689.8,689.8,Debit Card,In-Store,Standard,Regular,0.0,8,2024-11-18,False,2024,11,November,Q4,47,Monday,False,Autumn,True,Festive Peak (Q4),45-54,0.0,241.43,448.37,65.0
C0074,Ananya Nair,67,Female,Noida,North,Doctor,Sports & Fitness,Yoga Mat,2024-12-18,2,693.97,1318.54,Credit Card,Online,Standard,Silver,0.05,11,2024-12-18,False,2024,12,December,Q4,51,Wednesday,False,Winter,True,Festive Peak (Q4),55+,69.4,346.98,624.58,47.37
C0040,Aarav Chopra,22,Male,Jaipur,North,Product Manager,Sports & Fitness,Adjustable Dumbbells,2024-12-27,3,3237.94,9228.13,UPI,Online,Standard,Gold,0.05,36,2024-12-27,True,2024,12,December,Q4,52,Friday,False,Winter,True,Festive Peak (Q4),18-24,485.69,1618.97,4371.22,47.37
C0106,Manish Bose,62,Male,Bhubaneswar,East,Financial Analyst,Sports & Fitness,Adjustable Dumbbells,2024-08-13,1,4288.95,3860.06,UPI,Mobile App,Standard,Gold,0.1,31,2024-12-30,False,2024,8,August,Q3,33,Tuesday,False,Summer,False,Summer,55+,428.9,2144.48,1715.58,44.44
C0115,Amit Patel,47,Male,Jaipur,North,Sales Executive,Home & Kitchen,Ceramic Mug Set,2024-01-08,2,582.47,1164.94,UPI,Online,Standard,Regular,0.0,14,2024-11-28,False,2024,1,January,Q1,2,Monday,False,Winter,False,Winter,45-54,0.0,349.48,465.98,40.0
C0030,Pooja Gupta,20,Female,Mumbai,West,Consultant,Electronics,Power Bank,2024-09-30,3,1118.67,3356.01,Credit Card,Online,Standard,Gold,0.0,20,2024-12-13,False,2024,9,September,Q3,40,Monday,False,Autumn,False,Autumn,18-24,0.0,783.07,1006.8,30.0
C0030,Pooja Gupta,20,Male,Mumbai,West,Consultant,Clothing,Slim Fit Jeans,2024-01-16,39,1977.62,77127.18,Net Banking,Online,Standard,Gold,0.0,20,2024-12-13,True,2024,1,January,Q1,3,Tuesday,False,Winter,False,Winter,18-24,0.0,889.93,42419.91,55.0
C0011,Ananya Mehta,35,Female,Hyderabad,South,Designer,Electronics,Bluetooth Speaker,2024-05-27,1,3294.53,3294.53,Credit Card,Online,Standard,Regular,0.0,6,2024-11-11,False,2024,5,May,Q2,22,Monday,False,Spring,False,Spring,35-44,0.0,2306.17,988.36,30.0
C0119,Shreya Nair,40,Female,Noida,North,Entrepreneur,Clothing,Athletic Shorts,2024-02-22,1,593.47,504.45,UPI,In-Store,Standard,Regular,0.15,36,2024-12-31,False,2024,2,February,Q1,8,Thursday,False,Winter,False,Winter,35-44,89.02,267.06,237.39,47.06
C0111,Ananya Sharma,47,Male,Pune,West,Teacher,Sports & Fitness,Running Shoes,2024-04-03,1,2597.1,2467.24,Cash on Delivery,Online,Standard,Regular,0.05,14,2024-10-12,False,2024,4,April,Q2,14,Wednesday,False,Spring,False,Spring,45-54,129.85,1298.55,1168.69,47.37
C0079,Shreya Sharma,23,Female,Pune,West,Teacher,Electronics,USB-C Hub,2024-06-12,1,967.11,967.11,Credit Card,Online,Standard,Regular,0.0,18,2024-12-01,False,2024,6,June,Q2,24,Wednesday,False,Summer,False,Summer,18-24,0.0,676.98,290.13,30.0
C0130,Riya Singh,48,Male,Hyderabad,South,Product Manager,Beauty & Personal Care,Moisturizing Cream,2024-02-20,1,897.09,897.09,Credit Card,Online,Standard,Silver,0.0,20,2024-12-21,False,2024,2,February,Q1,8,Tuesday,False,Winter,False,Winter,45-54,0.0,313.98,583.11,65.0
C0125,Ananya Kumar,55,Female,Delhi,North,Architect,Clothing,Slim Fit Jeans,2024-03-16,4,2044.24,7359.26,UPI,Mobile App,Standard,Silver,0.1,9,2024-12-29,False,2024,3,March,Q1,11,Saturday,True,Spring,False,Spring,55+,817.7,919.91,3679.62,50.0
C0099,Arjun Mukherjee,40,Male,Bhubaneswar,East,Teacher,Home & Kitchen,Electric Blender,2024-11-12,3,2625.08,7087.72,UPI,Online,Standard,Regular,0.1,10,2024-12-30,False,2024,11,November,Q4,46,Tuesday,False,Autumn,True,Festive Peak (Q4),35-44,787.52,1575.05,2362.57,33.33
C0131,Ananya Mehta,64,Male,Noida,North,Student,Home & Kitchen,Coffee Maker,2024-01-13,1,1832.18,1648.96,UPI,In-Store,Standard,Platinum,0.1,43,2024-12-29,False,2024,1,January,Q1,2,Saturday,True,Winter,False,Winter,55+,183.22,1099.31,549.65,33.33
C0036,Divya Das,19,Female,Chennai,South,Product Manager,Books,Business Strategy Guide,2024-09-20,1,572.33,486.48,UPI,Online,Standard,Regular,0.15,5,2024-09-20,False,2024,9,September,Q3,38,Friday,False,Autumn,False,Autumn,18-24,85.85,228.93,257.55,52.94
C0024,Shreya Reddy,66,Male,Kolkata,East,Product Manager,Books,Atomic Habits,2024-01-31,1,704.01,598.41,Credit Card,In-Store,Standard,Silver,0.15,5,2024-08-28,False,2024,1,January,Q1,5,Wednesday,False,Winter,False,Winter,55+,105.6,281.6,316.81,52.94
C0045,Priya Verma,34,Female,Chennai,South,Student,Clothing,Athletic Shorts,2024-02-06,3,1009.22,3027.66,Net Banking,Online,Standard,Regular,0.0,19,2024-12-20,False,2024,2,February,Q1,6,Tuesday,False,Winter,False,Winter,25-34,0.0,454.15,1665.21,55.0
C0013,Aarav Chopra,68,Female,Jaipur,North,Marketing Specialist,Beauty & Personal Care,Face Cleanser,2024-08-03,1,380.7,361.66,UPI,In-Store,Standard,Regular,0.05,15,2024-12-02,False,2024,8,August,Q3,31,Saturday,True,Summer,False,Summer,55+,19.04,133.24,228.42,63.16
C0137,Aarav Bose,38,Male,Mumbai,West,Teacher,Clothing,Slim Fit Jeans,2024-05-04,1,1531.38,1301.67,UPI,In-Store,Standard,Regular,0.15,15,2024-12-26,False,2024,5,May,Q2,18,Saturday,True,Spring,False,Spring,35-44,229.71,689.12,612.55,47.06
C0011,Ananya Mehta,35,Female,Hyderabad,South,Designer,Clothing,Formal Shirt,2024-07-30,1,1774.68,1419.74,Cash on Delivery,Online,Standard,Regular,0.2,6,2024-11-11,False,2024,7,July,Q3,31,Tuesday,False,Summer,False,Summer,35-44,354.94,798.61,621.13,43.75
C0025,Rahul Verma,66,Male,Hyderabad,South,Software Engineer,Books,Data Analytics Handbook,2024-10-27,2,699.9,1399.8,UPI,In-Store,Standard,Silver,0.0,27,2024-12-24,False,2024,10,October,Q4,43,Sunday,True,Autumn,True,Festive Peak (Q4),55+,0.0,279.96,839.88,60.0
C0077,Arjun Kumar,62,Male,Kolkata,East,Product Manager,Beauty & Personal Care,Perfume Spray,2024-07-25,1,3297.11,2967.4,Credit Card,In-Store,Standard,Gold,0.1,11,2024-12-18,False,2024,7,July,Q3,30,Thursday,False,Summer,False,Summer,55+,329.71,1153.99,1813.41,61.11
C0136,Karan Singh,46,Male,Chennai,South,Teacher,Home & Kitchen,Stainless Steel Knife Set,2024-04-12,1,1137.57,910.06,UPI,Mobile App,Standard,Regular,0.2,3,2024-07-05,False,2024,4,April,Q2,15,Friday,False,Spring,False,Spring,45-54,227.51,682.54,227.52,25.0
C0051,Varun Das,47,Female,Bangalore,South,Financial Analyst,Electronics,Smartwatch,2024-05-11,4,3340.67,13362.68,UPI,Online,Standard,Regular,0.0,15,2024-12-16,True,2024,5,May,Q2,19,Saturday,True,Spring,False,Spring,45-54,0.0,2338.47,4008.8,30.0
C0087,Divya Das,28,Female,Chennai,South,Teacher,Beauty & Personal Care,Herbal Shampoo,2024-08-04,1,436.68,436.68,UPI,Online,Standard,Regular,0.0,7,2024-11-22,False,2024,8,August,Q3,31,Sunday,True,Summer,False,Summer,25-34,0.0,152.84,283.84,65.0
C0012,Varun Reddy,32,Male,Chennai,South,Consultant,Home & Kitchen,Ceramic Mug Set,2024-10-18,1,518.31,518.31,UPI,Online,Standard,Silver,0.0,7,2024-10-18,False,2024,10,October,Q4,42,Friday,False,Autumn,True,Festive Peak (Q4),25-34,0.0,310.99,207.32,40.0
C0028,Shreya Joshi,55,Male,Mumbai,West,Data Analyst,Clothing,Athletic Shorts,2024-10-11,1,652.81,652.81,Net Banking,Online,Standard,Platinum,0.0,14,2024-12-30,False,2024,10,October,Q4,41,Friday,False,Autumn,True,Festive Peak (Q4),55+,0.0,293.76,359.05,55.0
C0149,Ananya Singh,64,Female,Jaipur,North,Software Engineer,Electronics,Wireless Headphones,2024-02-28,2,1990.85,3583.53,UPI,Mobile App,Standard,Platinum,0.1,17,2024-12-28,False,2024,2,February,Q1,9,Wednesday,False,Winter,False,Winter,55+,398.17,1393.59,796.35,22.22
C0143,Karan Sharma,71,Female,Hyderabad,South,Software Engineer,Clothing,Casual Jacket,2024-05-19,3,2670.84,6810.64,UPI,Online,Standard,Silver,0.15,10,2024-12-19,False,2024,5,May,Q2,20,Sunday,True,Spring,False,Spring,55+,1201.88,1201.88,3205.0,47.06
C0002,Manish Joshi,41,Male,Hyderabad,South,Financial Analyst,Clothing,Slim Fit Jeans,2024-12-27,4,2008.69,6427.81,UPI,Online,Standard,Regular,0.2,8,2024-12-27,False,2024,12,December,Q4,52,Friday,False,Winter,True,Festive Peak (Q4),35-44,1606.95,903.91,2812.17,43.75
C0139,Tanvi Reddy,43,Male,Mumbai,West,Architect,Electronics,USB-C Hub,2024-04-29,2,1169.86,2339.72,UPI,Online,Standard,Regular,0.0,4,2024-12-11,False,2024,4,April,Q2,18,Monday,False,Spring,False,Spring,35-44,0.0,818.9,701.92,30.0
C0107,Rohan Mukherjee,64,Male,Noida,North,Designer,Electronics,Power Bank,2024-04-23,4,1877.78,6008.9,UPI,Mobile App,Standard,Silver,0.2,5,2024-12-30,False,2024,4,April,Q2,17,Tuesday,False,Spring,False,Spring,55+,1502.22,1314.45,751.1,12.5
C0131,Ananya Mehta,64,Male,Noida,North,Student,Beauty & Personal Care,Sunscreen SPF 50,2024-12-18,3,454.58,1363.74,Credit Card,In-Store,Standard,Platinum,0.0,43,2024-12-29,False,2024,12,December,Q4,51,Wednesday,False,Winter,True,Festive Peak (Q4),55+,0.0,159.1,886.44,65.0
C0078,Karan Kumar,20,Female,Chennai,South,Accountant,Books,Atomic Habits,2024-05-05,4,790.98,3163.92,Debit Card,Online,Standard,Silver,0.0,11,2024-10-05,True,2024,5,May,Q2,18,Sunday,True,Spring,False,Spring,18-24,0.0,316.39,1898.36,60.0
C0089,Sneha Chopra,22,Other,Ahmedabad,West,Marketing Specialist,Sports & Fitness,Yoga Mat,2024-01-25,5,908.0,4086.0,UPI,Online,Standard,Platinum,0.1,14,2024-11-14,False,2024,1,January,Q1,4,Thursday,False,Winter,False,Winter,18-24,454.0,454.0,1816.0,44.44
C0080,Vikram Patel,36,Other,Noida,North,Architect,Clothing,Athletic Shorts,2024-02-16,2,600.53,1080.95,Net Banking,Online,Standard,Silver,0.1,16,2024-12-24,False,2024,2,February,Q1,7,Friday,False,Winter,False,Winter,35-44,120.11,270.24,540.47,50.0
C0111,Ananya Sharma,36,Male,Pune,West,Teacher,Beauty & Personal Care,Sunscreen SPF 50,2024-10-12,1,925.72,925.72,Credit Card,Mobile App,Standard,Regular,0.0,14,2024-10-12,False,2024,10,October,Q4,41,Saturday,True,Autumn,True,Festive Peak (Q4),35-44,0.0,324.0,601.72,65.0
C0026,Aditi Verma,71,Male,Delhi,North,Software Engineer,Clothing,Cotton T-Shirt,2024-07-04,1,1052.85,947.56,Debit Card,Online,Standard,Silver,0.1,9,2024-12-18,False,2024,7,July,Q3,27,Thursday,False,Summer,False,Summer,55+,105.28,473.78,473.78,50.0
C0005,Meera Mukherjee,61,Female,Chennai,South,Marketing Specialist,Clothing,Slim Fit Jeans,2024-02-13,2,1477.95,2955.9,UPI,In-Store,Standard,Regular,0.0,19,2024-12-18,False,2024,2,February,Q1,7,Tuesday,False,Winter,False,Winter,55+,0.0,665.08,1625.74,55.0
C0051,Varun Das,47,Female,Bangalore,South,Financial Analyst,Beauty & Personal Care,Sunscreen SPF 50,2024-07-10,4,555.63,1889.14,UPI,In-Store,Standard,Regular,0.15,15,2024-12-16,False,2024,7,July,Q3,28,Wednesday,False,Summer,False,Summer,45-54,333.38,194.47,1111.26,58.82
C0115,Amit Patel,47,Male,Jaipur,North,Sales Executive,Home & Kitchen,Electric Blender,2024-06-15,1,2240.0,2240.0,Net Banking,Online,Standard,Regular,0.0,14,2024-11-28,False,2024,6,June,Q2,24,Saturday,True,Summer,False,Summer,45-54,0.0,1344.0,896.0,40.0
C0035,Amit Sharma,55,Female,Jaipur,North,Sales Executive,Clothing,Formal Shirt,2024-06-25,1,1357.24,1357.24,Net Banking,In-Store,Standard,Regular,0.0,8,2024-12-03,False,2024,6,June,Q2,26,Tuesday,False,Summer,False,Summer,55+,0.0,610.76,746.48,55.0
C0145,Meera Iyer,35,Male,Jaipur,North,Data Analyst,Electronics,Smartwatch,2024-12-03,2,4816.55,9151.44,UPI,Online,Standard,Silver,0.05,13,2024-12-16,False,2024,12,December,Q4,49,Tuesday,False,Winter,True,Festive Peak (Q4),35-44,481.66,3371.58,2408.28,26.32
C0020,Nikhil Singh,45,Male,Mumbai,West,Sales Executive,Books,Business Strategy Guide,2024-05-30,2,716.53,1361.41,Cash on Delivery,Online,Standard,Regular,0.05,6,2024-12-30,False,2024,5,May,Q2,22,Thursday,False,Spring,False,Spring,45-54,71.65,286.61,788.19,57.9
C0111,Ananya Sharma,36,Male,Pune,West,Teacher,Clothing,Athletic Shorts,2024-09-25,1,711.68,676.1,UPI,Online,Standard,Regular,0.05,14,2024-10-12,False,2024,9,September,Q3,39,Wednesday,False,Autumn,False,Autumn,35-44,35.58,320.26,355.84,52.63
C0076,Pooja Patel,48,Female,Ahmedabad,West,Consultant,Clothing,Casual Jacket,2024-11-18,1,3999.22,3799.26,Cash on Delivery,Mobile App,Standard,Silver,0.05,5,2024-12-23,False,2024,11,November,Q4,47,Monday,False,Autumn,True,Festive Peak (Q4),45-54,199.96,1799.65,1999.61,52.63
C0131,Ananya Mehta,64,Male,Noida,North,Student,Electronics,Power Bank,2024-07-28,2,1732.19,3117.94,UPI,Online,Standard,Platinum,0.1,43,2024-12-29,False,2024,7,July,Q3,30,Sunday,True,Summer,False,Summer,55+,346.44,1212.53,692.88,22.22
C0030,Pooja Gupta,20,Female,Mumbai,West,Consultant,Home & Kitchen,Stainless Steel Knife Set,2024-05-22,3,1795.19,4577.73,UPI,Mobile App,Standard,Gold,0.15,20,2024-12-13,False,2024,5,May,Q2,21,Wednesday,False,Spring,False,Spring,18-24,807.84,1077.11,1346.4,29.41
C0114,Rohan Gupta,53,Other,Ahmedabad,West,Data Analyst,Home & Kitchen,Electric Blender,2024-08-19,5,1957.06,8317.5,Debit Card,In-Store,Standard,Platinum,0.15,11,2024-12-11,True,2024,8,August,Q3,34,Monday,False,Summer,False,Summer,45-54,1467.79,1174.24,2446.3,29.41
C0130,Riya Singh,48,Male,Hyderabad,South,Product Manager,Electronics,USB-C Hub,2024-03-27,1,1160.29,1160.29,Net Banking,Online,Standard,Silver,0.0,20,2024-12-21,False,2024,3,March,Q1,13,Wednesday,False,Spring,False,Spring,45-54,0.0,812.2,348.09,30.0
C0137,Aarav Bose,38,Male,Mumbai,West,Teacher,Beauty & Personal Care,Perfume Spray,2024-08-31,2,1385.54,2493.97,UPI,Online,Standard,Regular,0.1,15,2024-12-26,False,2024,8,August,Q3,35,Saturday,True,Summer,False,Summer,35-44,277.11,484.94,1524.09,61.11
C0112,Aditi Joshi,62,Male,Chennai,South,Software Engineer,Books,Atomic Habits,2024-08-03,4,515.66,2062.64,UPI,Mobile App,Standard,Gold,0.0,13,2024-12-28,False,2024,8,August,Q3,31,Saturday,True,Summer,False,Summer,55+,0.0,206.26,1237.6,60.0
C0084,Riya Mukherjee,26,Male,Mumbai,West,Entrepreneur,Beauty & Personal Care,Herbal Shampoo,2024-08-14,1,364.38,346.16,UPI,Mobile App,Standard,Regular,0.05,11,2024-12-04,False,2024,8,August,Q3,33,Wednesday,False,Summer,False,Summer,25-34,18.22,127.53,218.63,63.16
C0106,Manish Bose,62,Male,Bhubaneswar,East,Financial Analyst,Sports & Fitness,Running Shoes,2024-01-25,3,4497.97,12144.52,Credit Card,Online,Standard,Gold,0.1,31,2024-12-30,True,2024,1,January,Q1,4,Thursday,False,Winter,False,Winter,55+,1349.39,2248.98,5397.58,44.44
C0131,Ananya Mehta,64,Male,Noida,North,Student,Electronics,Wireless Headphones,2024-11-08,3,2017.16,5446.33,UPI,In-Store,Standard,Platinum,0.1,43,2024-12-29,False,2024,11,November,Q4,45,Friday,False,Autumn,True,Festive Peak (Q4),55+,605.15,1412.01,1210.3,22.22
C0098,Shreya Mehta,23,Female,Bhubaneswar,East,Student,Sports & Fitness,Yoga Mat,2024-03-09,3,1323.32,3175.97,UPI,Online,Standard,Silver,0.2,5,2024-12-25,False,2024,3,March,Q1,10,Saturday,True,Spring,False,Spring,18-24,793.99,661.66,1190.99,37.5
C0005,Meera Mukherjee,61,Female,Chennai,South,Marketing Specialist,Beauty & Personal Care,Sunscreen SPF 50,2024-03-29,1,619.44,619.44,UPI,Mobile App,Standard,Regular,0.0,19,2024-12-18,False,2024,3,March,Q1,13,Friday,False,Spring,False,Spring,55+,0.0,216.8,402.64,65.0
C0135,Meera Patel,54,Female,Kolkata,East,Software Engineer,Electronics,Smartwatch,2024-01-15,2,2292.34,3667.74,UPI,In-Store,Standard,Platinum,0.2,11,2024-12-30,False,2024,1,January,Q1,3,Monday,False,Winter,False,Winter,45-54,916.94,1604.64,458.46,12.5
C0113,Nikhil Singh,47,Male,Hyderabad,South,Consultant,Clothing,Cotton T-Shirt,2024-11-06,1,708.08,708.08,Debit Card,In-Store,Standard,Regular,0.0,8,2024-12-28,False,2024,11,November,Q4,45,Wednesday,False,Autumn,True,Festive Peak (Q4),45-54,0.0,318.64,389.44,55.0
C0112,Aditi Joshi,62,Male,Chennai,South,Software Engineer,Books,Data Analytics Handbook,2024-07-04,1,647.36,614.99,Net Banking,Online,Standard,Gold,0.05,13,2024-12-28,False,2024,7,July,Q3,27,Thursday,False,Summer,False,Summer,55+,32.37,258.94,356.05,57.9
C0039,Sneha Deshmukh,71,Female,Bhubaneswar,East,Data Analyst,Sports & Fitness,Adjustable Dumbbells,2024-01-18,3,2970.94,7575.9,Debit Card,Mobile App,Standard,Silver,0.15,13,2024-12-26,False,2024,1,January,Q1,3,Thursday,False,Winter,False,Winter,55+,1336.92,1485.47,3119.49,41.18
C0110,Rohan Reddy,35,Male,Ahmedabad,West,Data Analyst,Books,Psychology of Money,2024-11-25,1,561.6,533.52,UPI,Online,Standard,Platinum,0.05,24,2024-12-16,False,2024,11,November,Q4,48,Monday,False,Autumn,True,Festive Peak (Q4),35-44,28.08,224.64,308.88,57.89
C0063,Varun Chopra,68,Female,Bangalore,South,Software Engineer,Sports & Fitness,Yoga Mat,2024-01-12,1,631.64,600.06,UPI,Online,Standard,Regular,0.05,5,2024-11-10,False,2024,1,January,Q1,2,Friday,False,Winter,False,Winter,55+,31.58,315.82,284.24,47.37
C0110,Rohan Reddy,35,Male,Ahmedabad,West,Data Analyst,Electronics,Bluetooth Speaker,2024-11-12,1,2946.9,2652.21,UPI,In-Store,Standard,Platinum,0.1,24,2024-12-16,False,2024,11,November,Q4,46,Tuesday,False,Autumn,True,Festive Peak (Q4),35-44,294.69,2062.83,589.38,22.22
C0023,Vikram Sharma,59,Male,Bhubaneswar,East,Teacher,Sports & Fitness,Running Shoes,2024-06-30,1,4596.98,3907.43,Credit Card,Online,Standard,Silver,0.15,4,2024-06-30,False,2024,6,June,Q2,26,Sunday,True,Summer,False,Summer,55+,689.55,2298.49,1608.94,41.18
C0110,Rohan Reddy,35,Male,Ahmedabad,West,Data Analyst,Sports & Fitness,Adjustable Dumbbells,2024-01-24,1,2302.58,2302.58,UPI,Mobile App,Standard,Platinum,0.0,24,2024-12-16,False,2024,1,January,Q1,4,Wednesday,False,Winter,False,Winter,35-44,0.0,1151.29,1151.29,50.0
C0150,Ananya Verma,47,Other,Hyderabad,South,Sales Executive,Clothing,Slim Fit Jeans,2024-11-23,1,2846.45,2704.13,UPI,Online,Standard,Regular,0.05,3,2024-11-23,False,2024,11,November,Q4,47,Saturday,True,Autumn,True,Festive Peak (Q4),45-54,142.32,1280.9,1423.23,52.63
C0013,Aarav Chopra,68,Female,Jaipur,North,Marketing Specialist,Home & Kitchen,Non-Stick Frying Pan,2024-09-04,3,1999.35,5398.24,Credit Card,In-Store,Standard,Regular,0.1,15,2024-12-02,False,2024,9,September,Q3,36,Wednesday,False,Autumn,False,Autumn,55+,599.8,1199.61,1799.41,33.33
C0145,Meera Iyer,35,Male,Jaipur,North,Data Analyst,Sports & Fitness,Running Shoes,2024-09-27,1,3888.82,3888.82,UPI,In-Store,Standard,Silver,0.0,13,2024-12-16,False,2024,9,September,Q3,39,Friday,False,Autumn,False,Autumn,35-44,0.0,1944.41,1944.41,50.0
C0067,Shreya Kumar,29,Male,Bangalore,South,Architect,Home & Kitchen,Non-Stick Frying Pan,2024-05-18,5,1365.59,6145.16,Credit Card,Online,Standard,Silver,0.1,10,2024-11-27,False,2024,5,May,Q2,20,Saturday,True,Spring,False,Spring,25-34,682.8,819.35,2048.41,33.33
C0131,Ananya Mehta,64,Male,Noida,North,Student,Home & Kitchen,Coffee Maker,2024-06-29,2,4354.7,8273.93,Debit Card,Online,Standard,Platinum,0.05,43,2024-12-29,True,2024,6,June,Q2,26,Saturday,True,Summer,False,Summer,55+,435.47,2612.82,3048.29,36.84
C0122,Amit Reddy,29,Male,Delhi,North,Financial Analyst,Clothing,Casual Jacket,2024-01-11,2,4986.86,9475.03,UPI,Online,Standard,Regular,0.05,13,2024-12-21,True,2024,1,January,Q1,2,Thursday,False,Winter,False,Winter,25-34,498.69,2244.09,4986.85,52.63
C0098,Shreya Mehta,23,Female,Bhubaneswar,East,Student,Electronics,Bluetooth Speaker,2024-08-30,2,2502.99,5005.98,UPI,Mobile App,Standard,Silver,0.0,5,2024-12-25,False,2024,8,August,Q3,35,Friday,False,Summer,False,Summer,18-24,0.0,1752.09,1501.8,30.0
C0119,Shreya Nair,40,Female,Noida,North,Entrepreneur,Books,Psychology of Money,2024-12-02,2,658.84,1317.68,UPI,Online,Standard,Regular,0.0,36,2024-12-31,False,2024,12,December,Q4,49,Monday,False,Winter,True,Festive Peak (Q4),35-44,0.0,263.54,790.6,60.0
C0131,Ananya Mehta,64,Male,Noida,North,Student,Books,Psychology of Money,2024-10-06,1,381.44,381.44,UPI,In-Store,Standard,Platinum,0.0,43,2024-12-29,False,2024,10,October,Q4,40,Sunday,True,Autumn,True,Festive Peak (Q4),55+,0.0,152.58,228.86,60.0
C0067,Shreya Kumar,29,Male,Bangalore,South,Architect,Electronics,Smartwatch,2024-07-17,1,7084.72,7084.72,Debit Card,Online,Standard,Silver,0.0,10,2024-11-27,False,2024,7,July,Q3,29,Wednesday,False,Summer,False,Summer,25-34,0.0,4959.3,2125.42,30.0
C0055,Nikhil Sharma,47,Female,Pune,West,Teacher,Sports & Fitness,Adjustable Dumbbells,2024-06-10,1,2275.67,2161.89,Debit Card,Online,Standard,Regular,0.05,17,2024-11-02,False,2024,6,June,Q2,24,Monday,False,Summer,False,Summer,45-54,113.78,1137.84,1024.05,47.37
C0111,Ananya Sharma,36,Male,Pune,West,Teacher,Beauty & Personal Care,Face Cleanser,2024-03-03,1,291.93,277.33,Debit Card,In-Store,Standard,Regular,0.05,14,2024-10-12,False,2024,3,March,Q1,9,Sunday,True,Spring,False,Spring,35-44,14.6,102.18,175.15,63.16
C0125,Ananya Kumar,55,Female,Delhi,North,Architect,Beauty & Personal Care,Perfume Spray,2024-12-29,1,1308.62,1046.9,Cash on Delivery,Online,Standard,Silver,0.2,9,2024-12-29,False,2024,12,December,Q4,52,Sunday,True,Winter,True,Festive Peak (Q4),55+,261.72,458.02,588.88,56.25
C0120,Tanvi Sharma,26,Female,Bhubaneswar,East,Financial Analyst,Clothing,Slim Fit Jeans,2024-11-18,2,2717.66,4891.79,UPI,Online,Standard,Platinum,0.1,26,2024-12-25,False,2024,11,November,Q4,47,Monday,False,Autumn,True,Festive Peak (Q4),25-34,543.53,1222.95,2445.89,50.0
C0123,Ananya Joshi,54,Male,Jaipur,North,Doctor,Home & Kitchen,Electric Blender,2024-06-21,1,2350.49,2350.49,UPI,Online,Standard,Gold,0.0,26,2024-12-26,False,2024,6,June,Q2,25,Friday,False,Summer,False,Summer,45-54,0.0,1410.29,940.2,40.0
C0074,Ananya Nair,67,Female,Noida,North,Doctor,Home & Kitchen,Electric Blender,2024-07-31,1,2180.56,1962.5,Net Banking,Online,Standard,Silver,0.1,11,2024-12-18,False,2024,7,July,Q3,31,Wednesday,False,Summer,False,Summer,55+,218.06,1308.34,654.16,33.33
C0025,Rahul Verma,66,Male,Hyderabad,South,Software Engineer,Books,Business Strategy Guide,2024-08-13,1,914.19,868.48,Credit Card,In-Store,Standard,Silver,0.05,27,2024-12-24,False,2024,8,August,Q3,33,Tuesday,False,Summer,False,Summer,55+,45.71,365.68,502.8,57.89
C0094,Siddharth Kumar,38,Female,Bhubaneswar,East,Marketing Specialist,Books,Python Programming,2024-09-13,3,847.66,2415.83,Credit Card,Mobile App,Standard,Regular,0.05,16,2024-12-05,False,2024,9,September,Q3,37,Friday,False,Autumn,False,Autumn,35-44,127.15,339.06,1398.65,57.9
C0002,Manish Joshi,41,Male,Hyderabad,South,Financial Analyst,Books,Data Analytics Handbook,2024-08-29,1,651.09,585.98,Net Banking,Mobile App,Standard,Regular,0.1,8,2024-12-27,False,2024,8,August,Q3,35,Thursday,False,Summer,False,Summer,35-44,65.11,260.44,325.54,55.55
C0055,Nikhil Sharma,56,Female,Pune,West,Teacher,Beauty & Personal Care,Sunscreen SPF 50,2024-08-22,2,652.48,1239.71,Credit Card,Online,Standard,Regular,0.05,17,2024-11-02,False,2024,8,August,Q3,34,Thursday,False,Summer,False,Summer,55+,65.25,228.37,782.97,63.16
C0059,Riya Mehta,51,Male,Kolkata,East,Designer,Beauty & Personal Care,Sunscreen SPF 50,2024-06-23,3,791.87,2375.61,UPI,Online,Standard,Regular,0.0,5,2024-10-24,False,2024,6,June,Q2,25,Sunday,True,Summer,False,Summer,45-54,0.0,277.15,1544.16,65.0
C0063,Varun Chopra,68,Female,Bangalore,South,Software Engineer,Electronics,USB-C Hub,2024-09-18,37,1105.75,40912.75,Credit Card,Online,Standard,Regular,0.0,5,2024-11-10,True,2024,9,September,Q3,38,Wednesday,False,Autumn,False,Autumn,55+,0.0,774.02,12274.01,30.0
C0114,Rohan Gupta,53,Other,Ahmedabad,West,Data Analyst,Books,Business Strategy Guide,2024-06-25,1,784.34,705.91,Credit Card,Online,Standard,Platinum,0.1,11,2024-12-11,False,2024,6,June,Q2,26,Tuesday,False,Summer,False,Summer,45-54,78.43,313.74,392.17,55.56
C0061,Tanvi Iyer,67,Female,Delhi,North,Software Engineer,Clothing,Cotton T-Shirt,2024-10-17,1,551.95,551.95,Net Banking,Online,Standard,Regular,0.0,13,2024-12-08,False,2024,10,October,Q4,42,Thursday,False,Autumn,True,Festive Peak (Q4),55+,0.0,248.38,303.57,55.0
C0077,Arjun Kumar,62,Male,Kolkata,East,Product Manager,Books,Atomic Habits,2024-04-12,2,792.0,1425.6,Debit Card,Online,Standard,Gold,0.1,11,2024-12-18,False,2024,4,April,Q2,15,Friday,False,Spring,False,Spring,55+,158.4,316.8,792.0,55.56
C0040,Aarav Chopra,22,Male,Jaipur,North,Product Manager,Clothing,Cotton T-Shirt,2024-10-18,4,766.56,2759.62,Credit Card,In-Store,Standard,Gold,0.1,36,2024-12-27,False,2024,10,October,Q4,42,Friday,False,Autumn,True,Festive Peak (Q4),18-24,306.62,344.95,1379.82,50.0
C0061,Tanvi Iyer,67,Female,Delhi,North,Software Engineer,Clothing,Formal Shirt,2024-02-02,2,1941.04,3687.98,UPI,Mobile App,Standard,Regular,0.05,13,2024-12-08,False,2024,2,February,Q1,5,Friday,False,Winter,False,Winter,55+,194.1,873.47,1941.04,52.63
C0040,Aarav Chopra,22,Male,Jaipur,North,Product Manager,Books,Psychology of Money,2024-08-16,2,534.02,1014.64,Credit Card,Online,Standard,Gold,0.05,36,2024-12-27,False,2024,8,August,Q3,33,Friday,False,Summer,False,Summer,18-24,53.4,213.61,587.42,57.89
C0104,Shreya Bose,65,Male,Kolkata,East,Product Manager,Electronics,Power Bank,2024-08-25,2,1700.19,2720.3,Credit Card,Mobile App,Standard,Regular,0.2,22,2024-12-24,False,2024,8,August,Q3,34,Sunday,True,Summer,False,Summer,55+,680.08,1190.13,340.04,12.5
C0111,Ananya Sharma,36,Male,Pune,West,Teacher,Electronics,Bluetooth Speaker,2024-07-26,2,3031.46,4850.34,UPI,Online,Standard,Regular,0.2,14,2024-10-12,False,2024,7,July,Q3,30,Friday,False,Summer,False,Summer,35-44,1212.58,2122.02,606.3,12.5
C0106,Manish Bose,62,Male,Bhubaneswar,East,Financial Analyst,Electronics,Power Bank,2024-03-19,1,857.34,728.74,UPI,Mobile App,Standard,Gold,0.15,31,2024-12-30,False,2024,3,March,Q1,12,Tuesday,False,Spring,False,Spring,55+,128.6,600.14,128.6,17.65
C0079,Shreya Sharma,23,Female,Pune,West,Teacher,Clothing,Slim Fit Jeans,2024-06-30,42,2797.4,117490.8,UPI,In-Store,Standard,Regular,0.0,18,2024-12-01,True,2024,6,June,Q2,26,Sunday,True,Summer,False,Summer,18-24,0.0,1258.83,64619.94,55.0
C0061,Tanvi Iyer,67,Female,Delhi,North,Software Engineer,Books,Business Strategy Guide,2024-04-30,2,540.44,1080.88,Credit Card,Online,Standard,Regular,0.0,13,2024-12-08,False,2024,4,April,Q2,18,Tuesday,False,Spring,False,Spring,55+,0.0,216.18,648.52,60.0
C0131,Ananya Mehta,64,Male,Noida,North,Student,Electronics,Smartwatch,2024-07-10,1,2931.6,2931.6,UPI,Online,Standard,Platinum,0.0,43,2024-12-29,False,2024,7,July,Q3,28,Wednesday,False,Summer,False,Summer,55+,0.0,2052.12,879.48,30.0
C0089,Sneha Chopra,22,Other,Ahmedabad,West,Marketing Specialist,Clothing,Casual Jacket,2024-02-03,1,3867.13,3867.13,UPI,Online,Standard,Platinum,0.0,14,2024-11-14,False,2024,2,February,Q1,5,Saturday,True,Winter,False,Winter,18-24,0.0,1740.21,2126.92,55.0
C0079,Shreya Sharma,23,Female,Pune,West,Teacher,Books,Data Analytics Handbook,2024-04-22,1,1032.73,929.46,Cash on Delivery,Online,Standard,Regular,0.1,18,2024-12-01,False,2024,4,April,Q2,17,Monday,False,Spring,False,Spring,18-24,103.27,413.09,516.37,55.56
C0005,Meera Mukherjee,61,Female,Chennai,South,Marketing Specialist,Beauty & Personal Care,Sunscreen SPF 50,2024-06-25,1,1003.78,1003.78,Net Banking,In-Store,Standard,Regular,0.0,19,2024-12-18,False,2024,6,June,Q2,26,Tuesday,False,Summer,False,Summer,55+,0.0,351.32,652.46,65.0
C0056,Rohan Chopra,33,Male,Ahmedabad,West,Architect,Home & Kitchen,Coffee Maker,2024-08-19,4,3727.69,14165.22,Debit Card,In-Store,Standard,Silver,0.05,15,2024-12-20,True,2024,8,August,Q3,34,Monday,False,Summer,False,Summer,25-34,745.54,2236.61,5218.78,36.84
C0061,Tanvi Iyer,67,Female,Delhi,North,Software Engineer,Sports & Fitness,Resistance Bands Set,2024-08-27,5,684.07,3420.35,Credit Card,In-Store,Standard,Regular,0.0,13,2024-12-08,False,2024,8,August,Q3,35,Tuesday,False,Summer,False,Summer,55+,0.0,342.04,1710.15,50.0
C0064,Priya Nair,68,Male,Mumbai,West,Designer,Beauty & Personal Care,Face Cleanser,2024-06-12,1,369.57,369.57,Credit Card,Online,Standard,Regular,0.0,7,2024-12-09,False,2024,6,June,Q2,24,Wednesday,False,Summer,False,Summer,55+,0.0,129.35,240.22,65.0
C0099,Arjun Mukherjee,40,Male,Bhubaneswar,East,Teacher,Clothing,Cotton T-Shirt,2024-10-06,2,1170.37,1872.59,Net Banking,In-Store,Standard,Regular,0.2,10,2024-12-30,False,2024,10,October,Q4,40,Sunday,True,Autumn,True,Festive Peak (Q4),35-44,468.15,526.67,819.25,43.75
C0092,Aditi Chopra,51,Male,Jaipur,North,Student,Electronics,USB-C Hub,2024-03-20,2,1369.06,2738.12,Credit Card,Online,Standard,Silver,0.0,9,2024-09-23,False,2024,3,March,Q1,12,Wednesday,False,Spring,False,Spring,45-54,0.0,958.34,821.44,30.0
C0104,Shreya Bose,65,Male,Kolkata,East,Product Manager,Sports & Fitness,Adjustable Dumbbells,2024-07-14,1,2128.25,1915.42,UPI,Online,Standard,Regular,0.1,22,2024-12-24,False,2024,7,July,Q3,28,Sunday,True,Summer,False,Summer,55+,212.82,1064.12,851.3,44.44
C0120,Tanvi Sharma,26,Female,Bhubaneswar,East,Financial Analyst,Electronics,USB-C Hub,2024-03-17,3,622.34,1867.02,UPI,Online,Standard,Platinum,0.0,26,2024-12-25,False,2024,3,March,Q1,11,Sunday,True,Spring,False,Spring,25-34,0.0,435.64,560.1,30.0
C0126,Siddharth Kumar,31,Male,Hyderabad,South,Marketing Specialist,Clothing,Cotton T-Shirt,2024-12-24,2,600.29,1020.49,Cash on Delivery,Online,Standard,Silver,0.15,19,2024-12-24,False,2024,12,December,Q4,52,Tuesday,False,Winter,True,Festive Peak (Q4),25-34,180.09,270.13,480.23,47.06
C0117,Pooja Gupta,50,Female,Delhi,North,Designer,Sports & Fitness,Water Bottle 1L,2024-07-11,5,559.51,2517.8,Credit Card,Online,Standard,Regular,0.1,6,2024-11-26,False,2024,7,July,Q3,28,Thursday,False,Summer,False,Summer,45-54,279.76,279.76,1119.0,44.44
C0140,Sneha Verma,44,Female,Delhi,North,Student,Sports & Fitness,Running Shoes,2024-07-24,1,4049.79,3644.81,UPI,Online,Standard,Gold,0.1,3,2024-07-24,False,2024,7,July,Q3,30,Wednesday,False,Summer,False,Summer,35-44,404.98,2024.9,1619.91,44.44
C0005,Meera Mukherjee,61,Female,Chennai,South,Marketing Specialist,Clothing,Athletic Shorts,2024-12-07,2,915.55,1739.54,Debit Card,Online,Standard,Regular,0.05,19,2024-12-18,False,2024,12,December,Q4,49,Saturday,True,Winter,True,Festive Peak (Q4),55+,91.56,412.0,915.54,52.63
C0034,Rohan Gupta,37,Female,Hyderabad,South,Software Engineer,Sports & Fitness,Yoga Mat,2024-02-25,1,1272.76,1209.12,Cash on Delivery,Online,Standard,Platinum,0.05,2,2024-06-24,False,2024,2,February,Q1,8,Sunday,True,Winter,False,Winter,35-44,63.64,636.38,572.74,47.37
C0002,Manish Joshi,41,Male,Hyderabad,South,Financial Analyst,Beauty & Personal Care,Herbal Shampoo,2024-05-03,4,696.77,2508.37,UPI,In-Store,Standard,Regular,0.1,8,2024-12-27,False,2024,5,May,Q2,18,Friday,False,Spring,False,Spring,35-44,278.71,243.87,1532.89,61.11
C0109,Riya Nair,42,Female,Mumbai,West,Architect,Sports & Fitness,Adjustable Dumbbells,2024-11-18,1,2249.66,2249.66,Debit Card,Online,Standard,Regular,0.0,3,2024-11-18,False,2024,11,November,Q4,47,Monday,False,Autumn,True,Festive Peak (Q4),35-44,0.0,1124.83,1124.83,50.0
C0132,Arjun Patel,43,Male,Pune,West,Product Manager,Books,Python Programming,2024-06-25,4,688.6,2616.68,UPI,Online,Standard,Gold,0.05,21,2024-12-03,False,2024,6,June,Q2,26,Tuesday,False,Summer,False,Summer,35-44,137.72,275.44,1514.92,57.89
C0040,Aarav Chopra,22,Male,Jaipur,North,Product Manager,Clothing,Slim Fit Jeans,2024-02-12,3,1665.11,4246.03,Credit Card,Online,Standard,Gold,0.15,36,2024-12-27,False,2024,2,February,Q1,7,Monday,False,Winter,False,Winter,18-24,749.3,749.3,1998.13,47.06
C0135,Meera Patel,54,Female,Kolkata,East,Software Engineer,Electronics,Smartwatch,2024-12-11,1,6425.26,6425.26,Credit Card,In-Store,Standard,Platinum,0.0,11,2024-12-30,False,2024,12,December,Q4,50,Wednesday,False,Winter,True,Festive Peak (Q4),45-54,0.0,4497.68,1927.58,30.0
C0013,Aarav Chopra,68,Female,Jaipur,North,Marketing Specialist,Home & Kitchen,Electric Blender,2024-09-23,5,2804.19,14020.95,Credit Card,In-Store,Standard,Regular,0.0,15,2024-12-02,True,2024,9,September,Q3,39,Monday,False,Autumn,False,Autumn,55+,0.0,1682.51,5608.4,40.0
C0136,Karan Singh,46,Male,Chennai,South,Teacher,Electronics,USB-C Hub,2024-07-05,2,1072.21,2144.42,Credit Card,In-Store,Standard,Regular,0.0,3,2024-07-05,False,2024,7,July,Q3,27,Friday,False,Summer,False,Summer,45-54,0.0,750.55,643.32,30.0
C0057,Vikram Mukherjee,47,Female,Mumbai,West,Doctor,Home & Kitchen,Non-Stick Frying Pan,2024-09-27,3,1393.52,4180.56,UPI,Mobile App,Standard,Silver,0.0,11,2024-12-15,False,2024,9,September,Q3,39,Friday,False,Autumn,False,Autumn,45-54,0.0,836.11,1672.23,40.0
C0022,Tanvi Deshmukh,20,Male,Hyderabad,South,Student,Clothing,Slim Fit Jeans,2024-03-24,1,1988.44,1889.02,UPI,Online,Standard,Silver,0.05,8,2024-12-15,False,2024,3,March,Q1,12,Sunday,True,Spring,False,Spring,18-24,99.42,894.8,994.22,52.63
C0080,Vikram Patel,36,Other,Noida,North,Architect,Home & Kitchen,Coffee Maker,2024-05-27,1,3345.17,3345.17,UPI,Mobile App,Standard,Silver,0.0,16,2024-12-24,False,2024,5,May,Q2,22,Monday,False,Spring,False,Spring,35-44,0.0,2007.1,1338.07,40.0
C0041,Ravi Das,61,Female,Pune,West,Teacher,Beauty & Personal Care,Sunscreen SPF 50,2024-10-18,1,965.25,868.72,Credit Card,In-Store,Standard,Silver,0.1,12,2024-11-09,False,2024,10,October,Q4,42,Friday,False,Autumn,True,Festive Peak (Q4),55+,96.52,337.84,530.88,61.11
C0047,Rahul Reddy,62,Male,Hyderabad,South,Sales Executive,Sports & Fitness,Adjustable Dumbbells,2024-03-15,1,1630.3,1385.76,Debit Card,Online,Standard,Regular,0.15,5,2024-12-17,False,2024,3,March,Q1,11,Friday,False,Spring,False,Spring,55+,244.54,815.15,570.61,41.18
C0051,Varun Das,47,Female,Bangalore,South,Financial Analyst,Clothing,Formal Shirt,2024-07-22,1,1786.24,1607.62,Credit Card,In-Store,Standard,Regular,0.1,15,2024-12-16,False,2024,7,July,Q3,30,Monday,False,Summer,False,Summer,45-54,178.62,803.81,803.81,50.0
C0125,Ananya Kumar,55,Female,Delhi,North,Architect,Home & Kitchen,Coffee Maker,2024-06-06,3,2759.93,8279.79,UPI,Online,Standard,Silver,0.0,9,2024-12-29,True,2024,6,June,Q2,23,Thursday,False,Summer,False,Summer,55+,0.0,1655.96,3311.91,40.0
C0093,Aarav Singh,22,Male,Bhubaneswar,East,Architect,Electronics,Wireless Headphones,2024-06-16,1,4289.77,3860.79,Credit Card,Online,Standard,Platinum,0.1,5,2024-09-05,False,2024,6,June,Q2,24,Sunday,True,Summer,False,Summer,18-24,428.98,3002.84,857.95,22.22
C0051,Varun Das,47,Female,Bangalore,South,Financial Analyst,Clothing,Casual Jacket,2024-08-26,1,2037.73,1833.96,Debit Card,Online,Standard,Regular,0.1,15,2024-12-16,False,2024,8,August,Q3,35,Monday,False,Summer,False,Summer,45-54,203.77,916.98,916.98,50.0
C0104,Shreya Bose,65,Male,Kolkata,East,Product Manager,Home & Kitchen,Ceramic Mug Set,2024-11-23,2,421.09,757.96,Net Banking,Online,Standard,Regular,0.1,22,2024-12-24,False,2024,11,November,Q4,47,Saturday,True,Autumn,True,Festive Peak (Q4),55+,84.22,252.65,252.66,33.33
C0117,Pooja Gupta,50,Female,Delhi,North,Designer,Clothing,Casual Jacket,2024-11-05,1,4800.37,4800.37,Net Banking,Online,Standard,Regular,0.0,6,2024-11-26,False,2024,11,November,Q4,45,Tuesday,False,Autumn,True,Festive Peak (Q4),45-54,0.0,2160.17,2640.2,55.0
C0045,Priya Verma,34,Female,Chennai,South,Student,Electronics,Smartwatch,2024-04-05,2,2856.81,4856.58,Credit Card,In-Store,Standard,Regular,0.15,19,2024-12-20,False,2024,4,April,Q2,14,Friday,False,Spring,False,Spring,25-34,857.04,1999.77,857.04,17.65
C0069,Neha Deshmukh,36,Male,Bangalore,South,Accountant,Home & Kitchen,Coffee Maker,2024-08-02,1,3757.31,3569.44,UPI,Online,Standard,Regular,0.05,8,2024-11-20,False,2024,8,August,Q3,31,Friday,False,Summer,False,Summer,35-44,187.87,2254.39,1315.05,36.84
C0025,Rahul Verma,66,Male,Hyderabad,South,Software Engineer,Clothing,Cotton T-Shirt,2024-03-10,1,629.48,629.48,Credit Card,Online,Standard,Silver,0.0,27,2024-12-24,False,2024,3,March,Q1,10,Sunday,True,Spring,False,Spring,55+,0.0,283.27,346.21,55.0
C0031,Aarav Iyer,57,Male,Chennai,South,Architect,Beauty & Personal Care,Perfume Spray,2024-03-25,1,2604.68,2604.68,UPI,Online,Standard,Silver,0.0,12,2024-10-25,False,2024,3,March,Q1,13,Monday,False,Spring,False,Spring,55+,0.0,911.64,1693.04,65.0
C0112,Aditi Joshi,62,Male,Chennai,South,Software Engineer,Books,Business Strategy Guide,2024-06-15,1,457.51,434.63,Credit Card,Online,Standard,Gold,0.05,13,2024-12-28,False,2024,6,June,Q2,24,Saturday,True,Summer,False,Summer,55+,22.88,183.0,251.63,57.9
C0031,Aarav Iyer,57,Male,Chennai,South,Architect,Sports & Fitness,Water Bottle 1L,2024-02-02,4,737.37,2507.06,UPI,Online,Standard,Silver,0.15,12,2024-10-25,False,2024,2,February,Q1,5,Friday,False,Winter,False,Winter,55+,442.42,368.68,1032.34,41.18
C0090,Vikram Mehta,27,Female,Delhi,North,Doctor,Electronics,USB-C Hub,2024-04-18,1,1020.65,816.52,UPI,Online,Standard,Silver,0.2,1,2024-04-18,False,2024,4,April,Q2,16,Thursday,False,Spring,False,Spring,25-34,204.13,714.46,102.06,12.5
C0115,Amit Patel,47,Male,Jaipur,North,Sales Executive,Clothing,Casual Jacket,2024-01-10,2,3606.24,6130.61,UPI,Online,Standard,Regular,0.15,14,2024-11-28,False,2024,1,January,Q1,2,Wednesday,False,Winter,False,Winter,45-54,1081.87,1622.81,2884.99,47.06
C0023,Vikram Sharma,59,Male,Bhubaneswar,East,Teacher,Electronics,Bluetooth Speaker,2024-05-11,1,3029.75,3029.75,Credit Card,In-Store,Standard,Silver,0.0,4,2024-06-30,False,2024,5,May,Q2,19,Saturday,True,Spring,False,Spring,55+,0.0,2120.82,908.93,30.0
C0098,Shreya Mehta,23,Female,Bhubaneswar,East,Student,Beauty & Personal Care,Sunscreen SPF 50,2024-08-29,2,1055.88,1900.58,UPI,In-Store,Standard,Silver,0.1,5,2024-12-25,False,2024,8,August,Q3,35,Thursday,False,Summer,False,Summer,18-24,211.18,369.56,1161.46,61.11
C0041,Ravi Das,61,Female,Pune,West,Teacher,Sports & Fitness,Adjustable Dumbbells,2024-02-15,1,1767.03,1413.62,UPI,In-Store,Standard,Silver,0.2,12,2024-11-09,False,2024,2,February,Q1,7,Thursday,False,Winter,False,Winter,55+,353.41,883.52,530.1,37.5
C0143,Karan Sharma,71,Female,Hyderabad,South,Software Engineer,Home & Kitchen,Stainless Steel Knife Set,2024-12-19,2,1302.73,2344.91,UPI,Online,Standard,Silver,0.1,10,2024-12-19,False,2024,12,December,Q4,51,Thursday,False,Winter,True,Festive Peak (Q4),55+,260.55,781.64,781.63,33.33
C0080,Vikram Patel,36,Other,Noida,North,Architect,Beauty & Personal Care,Face Cleanser,2024-12-24,1,489.6,489.6,UPI,Online,Standard,Silver,0.0,16,2024-12-24,False,2024,12,December,Q4,52,Tuesday,False,Winter,True,Festive Peak (Q4),35-44,0.0,171.36,318.24,65.0
C0125,Ananya Kumar,55,Female,Delhi,North,Architect,Home & Kitchen,Coffee Maker,2024-10-04,2,4255.88,8511.76,UPI,Online,Standard,Silver,0.0,9,2024-12-29,True,2024,10,October,Q4,40,Friday,False,Autumn,True,Festive Peak (Q4),55+,0.0,2553.53,3404.7,40.0
C0095,Aditi Singh,51,Female,Bhubaneswar,East,Marketing Specialist,Sports & Fitness,Yoga Mat,2024-06-17,2,761.69,1218.7,UPI,Mobile App,Standard,Regular,0.2,3,2024-06-17,False,2024,6,June,Q2,25,Monday,False,Summer,False,Summer,45-54,304.68,380.84,457.02,37.5
C0012,Varun Reddy,32,Male,Chennai,South,Consultant,Electronics,Smartwatch,2024-04-14,1,3247.69,2922.92,Credit Card,Mobile App,Standard,Silver,0.1,7,2024-10-18,False,2024,4,April,Q2,15,Sunday,True,Spring,False,Spring,25-34,324.77,2273.38,649.54,22.22
C0106,Manish Bose,62,Male,Bhubaneswar,East,Financial Analyst,Home & Kitchen,Stainless Steel Knife Set,2024-09-09,1,1029.86,978.37,Net Banking,In-Store,Standard,Gold,0.05,31,2024-12-30,False,2024,9,September,Q3,37,Monday,False,Autumn,False,Autumn,55+,51.49,617.92,360.45,36.84
C0139,Tanvi Reddy,47,Male,Mumbai,West,Architect,Electronics,Smartwatch,2024-10-07,3,2869.34,8177.62,UPI,In-Store,Standard,Regular,0.05,4,2024-12-11,False,2024,10,October,Q4,41,Monday,False,Autumn,True,Festive Peak (Q4),45-54,430.4,2008.54,2152.0,26.32
C0104,Shreya Bose,65,Male,Kolkata,East,Product Manager,Home & Kitchen,Stainless Steel Knife Set,2024-01-09,1,662.82,563.4,Cash on Delivery,Online,Standard,Regular,0.15,22,2024-12-24,False,2024,1,January,Q1,2,Tuesday,False,Winter,False,Winter,55+,99.42,397.69,165.71,29.41
C0126,Siddharth Kumar,31,Male,Hyderabad,South,Marketing Specialist,Home & Kitchen,Ceramic Mug Set,2024-06-03,1,575.12,575.12,Net Banking,Mobile App,Standard,Silver,0.0,19,2024-12-24,False,2024,6,June,Q2,23,Monday,False,Summer,False,Summer,25-34,0.0,345.07,230.05,40.0
C0132,Arjun Patel,43,Male,Pune,West,Product Manager,Home & Kitchen,Ceramic Mug Set,2024-03-13,3,910.31,2594.38,Debit Card,Mobile App,Standard,Gold,0.05,21,2024-12-03,False,2024,3,March,Q1,11,Wednesday,False,Spring,False,Spring,35-44,136.55,546.19,955.81,36.84
C0040,Aarav Chopra,22,Male,Jaipur,North,Product Manager,Clothing,Athletic Shorts,2024-03-17,1,858.11,858.11,UPI,In-Store,Standard,Gold,0.0,36,2024-12-27,False,2024,3,March,Q1,11,Sunday,True,Spring,False,Spring,18-24,0.0,386.15,471.96,55.0
C0037,Aarav Bose,47,Female,Hyderabad,South,Consultant,Sports & Fitness,Adjustable Dumbbells,2024-05-22,1,3278.95,3278.95,UPI,Online,Standard,Regular,0.0,2,2024-05-30,False,2024,5,May,Q2,21,Wednesday,False,Spring,False,Spring,45-54,0.0,1639.48,1639.47,50.0
C0104,Shreya Bose,65,Male,Kolkata,East,Product Manager,Home & Kitchen,Electric Blender,2024-05-04,3,1913.01,5739.03,Credit Card,In-Store,Standard,Regular,0.0,22,2024-12-24,False,2024,5,May,Q2,18,Saturday,True,Spring,False,Spring,55+,0.0,1147.81,2295.6,40.0
C0067,Shreya Kumar,29,Male,Bangalore,South,Architect,Books,Psychology of Money,2024-11-27,1,528.13,422.5,UPI,In-Store,Standard,Silver,0.2,10,2024-11-27,False,2024,11,November,Q4,48,Wednesday,False,Autumn,True,Festive Peak (Q4),25-34,105.63,211.25,211.25,50.0
C0130,Riya Singh,48,Male,Hyderabad,South,Product Manager,Electronics,USB-C Hub,2024-02-15,1,1194.42,1194.42,Net Banking,Online,Standard,Silver,0.0,20,2024-12-21,False,2024,2,February,Q1,7,Thursday,False,Winter,False,Winter,45-54,0.0,836.09,358.33,30.0
C0057,Vikram Mukherjee,47,Female,Mumbai,West,Doctor,Sports & Fitness,Running Shoes,2024-04-25,1,3647.47,3647.47,Debit Card,Online,Standard,Silver,0.0,11,2024-12-15,False,2024,4,April,Q2,17,Thursday,False,Spring,False,Spring,45-54,0.0,1823.74,1823.73,50.0
C0040,Aarav Chopra,22,Male,Jaipur,North,Product Manager,Beauty & Personal Care,Sunscreen SPF 50,2024-04-20,1,712.92,641.63,UPI,Online,Standard,Gold,0.1,36,2024-12-27,False,2024,4,April,Q2,16,Saturday,True,Spring,False,Spring,18-24,71.29,249.52,392.11,61.11
C0122,Amit Reddy,47,Male,Delhi,North,Financial Analyst,Home & Kitchen,Coffee Maker,2024-03-16,1,2845.39,2418.58,UPI,Online,Standard,Regular,0.15,13,2024-12-21,False,2024,3,March,Q1,11,Saturday,True,Spring,False,Spring,45-54,426.81,1707.23,711.35,29.41
C0045,Priya Verma,34,Female,Chennai,South,Student,Clothing,Slim Fit Jeans,2024-01-13,1,2476.43,2476.43,Debit Card,Online,Standard,Regular,0.0,19,2024-12-20,False,2024,1,January,Q1,2,Saturday,True,Winter,False,Winter,25-34,0.0,1114.39,1362.04,55.0
C0126,Siddharth Kumar,31,Male,Hyderabad,South,Marketing Specialist,Electronics,Smartwatch,2024-04-18,2,7765.63,13978.13,Credit Card,Online,Standard,Silver,0.1,19,2024-12-24,True,2024,4,April,Q2,16,Thursday,False,Spring,False,Spring,25-34,1553.13,5435.94,3106.25,22.22
C0071,Tanvi Joshi,53,Female,Chennai,South,Consultant,Home & Kitchen,Coffee Maker,2024-12-29,2,2567.58,4878.4,Cash on Delivery,Online,Standard,Gold,0.05,2,2024-12-29,False,2024,12,December,Q4,52,Sunday,True,Winter,True,Festive Peak (Q4),45-54,256.76,1540.55,1797.3,36.84
C0111,Ananya Sharma,36,Male,Pune,West,Teacher,Beauty & Personal Care,Moisturizing Cream,2024-05-05,1,820.38,738.34,Debit Card,Online,Standard,Regular,0.1,14,2024-10-12,False,2024,5,May,Q2,18,Sunday,True,Spring,False,Spring,35-44,82.04,287.13,451.21,61.11
C0020,Nikhil Singh,45,Male,Mumbai,West,Sales Executive,Electronics,Wireless Headphones,2024-05-26,3,2961.25,8439.56,UPI,In-Store,Standard,Regular,0.05,6,2024-12-30,False,2024,5,May,Q2,21,Sunday,True,Spring,False,Spring,45-54,444.19,2072.88,2220.92,26.32
C0106,Manish Bose,62,Male,Bhubaneswar,East,Financial Analyst,Books,Data Analytics Handbook,2024-06-20,1,842.39,842.39,Credit Card,Online,Standard,Gold,0.0,31,2024-12-30,False,2024,6,June,Q2,25,Thursday,False,Summer,False,Summer,55+,0.0,336.96,505.43,60.0
C0077,Arjun Kumar,62,Male,Kolkata,East,Product Manager,Clothing,Slim Fit Jeans,2024-01-23,1,1478.72,1478.72,Net Banking,Online,Standard,Gold,0.0,11,2024-12-18,False,2024,1,January,Q1,4,Tuesday,False,Winter,False,Winter,55+,0.0,665.42,813.3,55.0
C0100,Pooja Iyer,42,Female,Jaipur,North,Student,Electronics,Wireless Headphones,2024-07-25,1,3213.28,3213.28,UPI,Online,Standard,Regular,0.0,2,2024-07-25,False,2024,7,July,Q3,30,Thursday,False,Summer,False,Summer,35-44,0.0,2249.3,963.98,30.0
C0030,Pooja Gupta,20,Female,Mumbai,West,Consultant,Home & Kitchen,Non-Stick Frying Pan,2024-03-13,1,1139.6,911.68,UPI,Online,Standard,Gold,0.2,20,2024-12-13,False,2024,3,March,Q1,11,Wednesday,False,Spring,False,Spring,18-24,227.92,683.76,227.92,25.0
C0119,Shreya Nair,40,Female,Noida,North,Entrepreneur,Sports & Fitness,Running Shoes,2024-04-13,1,2152.81,1829.89,Cash on Delivery,Online,Standard,Regular,0.15,36,2024-12-31,False,2024,4,April,Q2,15,Saturday,True,Spring,False,Spring,35-44,322.92,1076.4,753.49,41.18
C0131,Ananya Mehta,64,Male,Noida,North,Student,Clothing,Cotton T-Shirt,2024-06-06,3,595.8,1698.03,Debit Card,Online,Standard,Platinum,0.05,43,2024-12-29,False,2024,6,June,Q2,23,Thursday,False,Summer,False,Summer,55+,89.37,268.11,893.7,52.63
C0039,Sneha Deshmukh,71,Female,Bhubaneswar,East,Data Analyst,Sports & Fitness,Water Bottle 1L,2024-04-01,1,702.19,631.97,Credit Card,In-Store,Standard,Silver,0.1,13,2024-12-26,False,2024,4,April,Q2,14,Monday,False,Spring,False,Spring,55+,70.22,351.1,280.87,44.44
C0020,Nikhil Singh,45,Male,Mumbai,West,Sales Executive,Home & Kitchen,Electric Blender,2024-02-26,2,1640.14,3280.28,UPI,Online,Standard,Regular,0.0,6,2024-12-30,False,2024,2,February,Q1,9,Monday,False,Winter,False,Winter,45-54,0.0,984.08,1312.12,40.0
C0107,Rohan Mukherjee,64,Male,Noida,North,Designer,Clothing,Cotton T-Shirt,2024-12-30,2,975.97,1951.94,Debit Card,Online,Standard,Silver,0.0,5,2024-12-30,False,2024,12,December,Q4,1,Monday,False,Winter,True,Festive Peak (Q4),55+,0.0,439.19,1073.56,55.0
C0104,Shreya Bose,65,Male,Kolkata,East,Product Manager,Sports & Fitness,Adjustable Dumbbells,2024-09-27,3,2311.05,6586.49,Debit Card,Online,Standard,Regular,0.05,22,2024-12-24,False,2024,9,September,Q3,39,Friday,False,Autumn,False,Autumn,55+,346.66,1155.53,3119.9,47.37
C0094,Siddharth Kumar,38,Female,Bhubaneswar,East,Marketing Specialist,Clothing,Formal Shirt,2024-11-04,1,1549.44,1394.5,UPI,Online,Standard,Regular,0.1,16,2024-12-05,False,2024,11,November,Q4,45,Monday,False,Autumn,True,Festive Peak (Q4),35-44,154.94,697.25,697.25,50.0
C0040,Aarav Chopra,22,Male,Jaipur,North,Product Manager,Sports & Fitness,Resistance Bands Set,2024-07-29,1,1020.78,918.7,Debit Card,Online,Standard,Gold,0.1,36,2024-12-27,False,2024,7,July,Q3,31,Monday,False,Summer,False,Summer,18-24,102.08,510.39,408.31,44.44
C0062,Amit Mehta,20,Female,Hyderabad,South,Designer,Beauty & Personal Care,Sunscreen SPF 50,2024-02-05,5,661.06,3305.3,Cash on Delivery,Online,Standard,Silver,0.0,4,2024-09-02,False,2024,2,February,Q1,6,Monday,False,Winter,False,Winter,18-24,0.0,231.37,2148.45,65.0
C0102,Riya Mehta,22,Male,Kolkata,East,Sales Executive,Electronics,Wireless Headphones,2024-03-29,2,3005.81,5711.04,Net Banking,Mobile App,Standard,Silver,0.05,1,2024-03-29,False,2024,3,March,Q1,13,Friday,False,Spring,False,Spring,18-24,300.58,2104.07,1502.9,26.32
C0084,Riya Mukherjee,26,Male,Mumbai,West,Entrepreneur,Beauty & Personal Care,Moisturizing Cream,2024-12-04,1,484.74,484.74,Credit Card,Online,Standard,Regular,0.0,11,2024-12-04,False,2024,12,December,Q4,49,Wednesday,False,Winter,True,Festive Peak (Q4),25-34,0.0,169.66,315.08,65.0
C0149,Ananya Singh,64,Female,Jaipur,North,Software Engineer,Electronics,Bluetooth Speaker,2024-10-13,1,1622.23,1541.12,Cash on Delivery,Mobile App,Standard,Platinum,0.05,17,2024-12-28,False,2024,10,October,Q4,41,Sunday,True,Autumn,True,Festive Peak (Q4),55+,81.11,1135.56,405.56,26.32
C0026,Aditi Verma,71,Male,Delhi,North,Software Engineer,Sports & Fitness,Yoga Mat,2024-08-31,2,1150.49,2070.88,Cash on Delivery,Online,Standard,Silver,0.1,9,2024-12-18,False,2024,8,August,Q3,35,Saturday,True,Summer,False,Summer,55+,230.1,575.24,920.4,44.44
C0114,Rohan Gupta,53,Other,Ahmedabad,West,Data Analyst,Beauty & Personal Care,Face Cleanser,2024-08-21,1,637.19,541.61,Credit Card,Online,Standard,Platinum,0.15,11,2024-12-11,False,2024,8,August,Q3,34,Wednesday,False,Summer,False,Summer,45-54,95.58,223.02,318.59,58.82
C0067,Shreya Kumar,29,Male,Bangalore,South,Architect,Sports & Fitness,Water Bottle 1L,2024-05-09,3,442.34,1327.02,Debit Card,Online,Standard,Silver,0.0,10,2024-11-27,False,2024,5,May,Q2,19,Thursday,False,Spring,False,Spring,25-34,0.0,221.17,663.51,50.0
C0073,Neha Reddy,61,Female,Ahmedabad,West,Consultant,Books,Python Programming,2024-03-31,1,842.56,842.56,UPI,Online,Standard,Silver,0.0,3,2024-04-11,False,2024,3,March,Q1,13,Sunday,True,Spring,False,Spring,55+,0.0,337.02,505.54,60.0
C0117,Pooja Gupta,50,Female,Delhi,North,Designer,Electronics,Wireless Headphones,2024-07-05,4,3999.63,14398.67,Cash on Delivery,Mobile App,Standard,Regular,0.1,6,2024-11-26,True,2024,7,July,Q3,27,Friday,False,Summer,False,Summer,45-54,1599.85,2799.74,3199.71,22.22
C0114,Rohan Gupta,53,Other,Ahmedabad,West,Data Analyst,Electronics,Bluetooth Speaker,2024-08-01,3,1949.29,5555.48,UPI,Online,Standard,Platinum,0.05,11,2024-12-11,False,2024,8,August,Q3,31,Thursday,False,Summer,False,Summer,45-54,292.39,1364.5,1461.98,26.32
C0149,Ananya Singh,64,Female,Jaipur,North,Software Engineer,Clothing,Athletic Shorts,2024-02-17,1,588.31,588.31,Credit Card,In-Store,Standard,Platinum,0.0,17,2024-12-28,False,2024,2,February,Q1,7,Saturday,True,Winter,False,Winter,55+,0.0,264.74,323.57,55.0
C0025,Rahul Verma,66,Male,Hyderabad,South,Software Engineer,Electronics,Wireless Headphones,2024-12-22,1,3210.94,3210.94,Credit Card,Online,Standard,Silver,0.0,27,2024-12-24,False,2024,12,December,Q4,51,Sunday,True,Winter,True,Festive Peak (Q4),55+,0.0,2247.66,963.28,30.0
C0022,Tanvi Deshmukh,20,Male,Hyderabad,South,Student,Electronics,Power Bank,2024-07-10,1,1666.85,1666.85,Net Banking,In-Store,Standard,Silver,0.0,8,2024-12-15,False,2024,7,July,Q3,28,Wednesday,False,Summer,False,Summer,18-24,0.0,1166.79,500.06,30.0
C0119,Shreya Nair,40,Female,Noida,North,Entrepreneur,Home & Kitchen,Ceramic Mug Set,2024-12-31,3,979.74,2645.3,UPI,Mobile App,Standard,Regular,0.1,36,2024-12-31,False,2024,12,December,Q4,1,Tuesday,False,Winter,True,Festive Peak (Q4),35-44,293.92,587.84,881.78,33.33
C0099,Arjun Mukherjee,40,Male,Bhubaneswar,East,Teacher,Home & Kitchen,Non-Stick Frying Pan,2024-02-15,2,1157.08,2314.16,UPI,Online,Standard,Regular,0.0,10,2024-12-30,False,2024,2,February,Q1,7,Thursday,False,Winter,False,Winter,35-44,0.0,694.25,925.66,40.0
C0045,Priya Verma,34,Female,Chennai,South,Student,Sports & Fitness,Adjustable Dumbbells,2024-03-29,4,2828.21,11312.84,Net Banking,In-Store,Standard,Regular,0.0,19,2024-12-20,True,2024,3,March,Q1,13,Friday,False,Spring,False,Spring,25-34,0.0,1414.1,5656.44,50.0
C0017,Karan Mukherjee,59,Male,Jaipur,North,Consultant,Sports & Fitness,Adjustable Dumbbells,2024-06-08,1,2209.01,2098.56,Credit Card,Online,Standard,Silver,0.05,7,2024-12-08,False,2024,6,June,Q2,23,Saturday,True,Summer,False,Summer,55+,110.45,1104.51,994.05,47.37
C0018,Pooja Bose,40,Female,Bhubaneswar,East,Entrepreneur,Clothing,Formal Shirt,2024-04-21,2,1249.05,2373.19,UPI,Online,Standard,Silver,0.05,10,2024-11-27,False,2024,4,April,Q2,16,Sunday,True,Spring,False,Spring,35-44,124.9,562.07,1249.05,52.63
C0132,Arjun Patel,43,Male,Pune,West,Product Manager,Home & Kitchen,Non-Stick Frying Pan,2024-04-24,34,1345.94,41185.76,UPI,Online,Standard,Gold,0.1,21,2024-12-03,True,2024,4,April,Q2,17,Wednesday,False,Spring,False,Spring,35-44,4576.2,807.56,13728.72,33.33
C0032,Priya Gupta,33,Female,Chennai,South,Product Manager,Sports & Fitness,Adjustable Dumbbells,2024-06-02,2,1727.98,3455.96,Debit Card,Online,Standard,Silver,0.0,2,2024-06-02,False,2024,6,June,Q2,22,Sunday,True,Summer,False,Summer,25-34,0.0,863.99,1727.98,50.0
C0055,Nikhil Sharma,56,Female,Pune,West,Teacher,Beauty & Personal Care,Herbal Shampoo,2024-05-16,1,682.32,682.32,Cash on Delivery,In-Store,Standard,Regular,0.0,17,2024-11-02,False,2024,5,May,Q2,20,Thursday,False,Spring,False,Spring,55+,0.0,238.81,443.51,65.0
C0040,Aarav Chopra,22,Male,Jaipur,North,Product Manager,Beauty & Personal Care,Herbal Shampoo,2024-07-13,1,490.14,490.14,Debit Card,In-Store,Standard,Gold,0.0,36,2024-12-27,False,2024,7,July,Q3,28,Saturday,True,Summer,False,Summer,18-24,0.0,171.55,318.59,65.0
C0057,Vikram Mukherjee,47,Female,Mumbai,West,Doctor,Books,Business Strategy Guide,2024-01-31,2,870.67,1567.21,UPI,Online,Standard,Silver,0.1,11,2024-12-15,False,2024,1,January,Q1,5,Wednesday,False,Winter,False,Winter,45-54,174.13,348.27,870.67,55.56
C0014,Vikram Nair,58,Female,Chennai,South,Financial Analyst,Sports & Fitness,Water Bottle 1L,2024-05-13,3,669.46,2008.38,Credit Card,Online,Standard,Silver,0.0,19,2024-12-21,False,2024,5,May,Q2,20,Monday,False,Spring,False,Spring,55+,0.0,334.73,1004.19,50.0
C0089,Sneha Chopra,22,Other,Ahmedabad,West,Marketing Specialist,Books,Atomic Habits,2024-08-03,1,634.03,602.33,Credit Card,Online,Standard,Platinum,0.05,14,2024-11-14,False,2024,8,August,Q3,31,Saturday,True,Summer,False,Summer,18-24,31.7,253.61,348.72,57.9
C0014,Vikram Nair,58,Female,Chennai,South,Financial Analyst,Beauty & Personal Care,Moisturizing Cream,2024-03-07,1,845.08,802.83,Debit Card,Online,Standard,Silver,0.05,19,2024-12-21,False,2024,3,March,Q1,10,Thursday,False,Spring,False,Spring,55+,42.25,295.78,507.05,63.16
C0123,Ananya Joshi,54,Male,Jaipur,North,Doctor,Sports & Fitness,Water Bottle 1L,2024-09-16,1,495.19,470.43,UPI,Mobile App,Standard,Gold,0.05,26,2024-12-26,False,2024,9,September,Q3,38,Monday,False,Autumn,False,Autumn,45-54,24.76,247.6,222.83,47.37
C0040,Aarav Chopra,22,Male,Jaipur,North,Product Manager,Clothing,Cotton T-Shirt,2024-01-01,1,768.08,768.08,UPI,Online,Standard,Gold,0.0,36,2024-12-27,False,2024,1,January,Q1,1,Monday,False,Winter,False,Winter,18-24,0.0,345.64,422.44,55.0
C0094,Siddharth Kumar,38,Female,Bhubaneswar,East,Marketing Specialist,Sports & Fitness,Running Shoes,2024-08-06,1,4237.42,4237.42,Net Banking,In-Store,Standard,Regular,0.0,16,2024-12-05,False,2024,8,August,Q3,32,Tuesday,False,Summer,False,Summer,35-44,0.0,2118.71,2118.71,50.0
C0132,Arjun Patel,43,Male,Pune,West,Product Manager,Beauty & Personal Care,Face Cleanser,2024-05-01,1,583.43,495.92,Net Banking,Mobile App,Standard,Gold,0.15,21,2024-12-03,False,2024,5,May,Q2,18,Wednesday,False,Spring,False,Spring,35-44,87.51,204.2,291.72,58.82
C0110,Rohan Reddy,35,Male,Ahmedabad,West,Data Analyst,Beauty & Personal Care,Herbal Shampoo,2024-10-04,1,482.12,482.12,UPI,Online,Standard,Platinum,0.0,24,2024-12-16,False,2024,10,October,Q4,40,Friday,False,Autumn,True,Festive Peak (Q4),35-44,0.0,168.74,313.38,65.0
C0092,Aditi Chopra,51,Male,Jaipur,North,Student,Sports & Fitness,Yoga Mat,2024-06-09,3,1350.99,3647.67,Credit Card,Online,Standard,Silver,0.1,9,2024-09-23,False,2024,6,June,Q2,23,Sunday,True,Summer,False,Summer,45-54,405.3,675.5,1621.17,44.44
C0055,Nikhil Sharma,56,Female,Pune,West,Teacher,Sports & Fitness,Water Bottle 1L,2024-07-05,1,633.71,538.65,Credit Card,Online,Standard,Regular,0.15,17,2024-11-02,False,2024,7,July,Q3,27,Friday,False,Summer,False,Summer,55+,95.06,316.86,221.79,41.18
C0055,Nikhil Sharma,56,Female,Pune,West,Teacher,Sports & Fitness,Yoga Mat,2024-03-01,3,1389.94,3335.86,UPI,Online,Standard,Regular,0.2,17,2024-11-02,False,2024,3,March,Q1,9,Friday,False,Spring,False,Spring,55+,833.96,694.97,1250.95,37.5
C0111,Ananya Sharma,36,Male,Pune,West,Teacher,Books,Python Programming,2024-04-22,1,1023.61,1023.61,Credit Card,In-Store,Standard,Regular,0.0,14,2024-10-12,False,2024,4,April,Q2,17,Monday,False,Spring,False,Spring,35-44,0.0,409.44,614.17,60.0
C0149,Ananya Singh,64,Female,Jaipur,North,Software Engineer,Electronics,Wireless Headphones,2024-09-16,2,1889.35,3022.96,Credit Card,Online,Standard,Platinum,0.2,17,2024-12-28,False,2024,9,September,Q3,38,Monday,False,Autumn,False,Autumn,55+,755.74,1322.54,377.88,12.5
C0110,Rohan Reddy,35,Male,Ahmedabad,West,Data Analyst,Sports & Fitness,Running Shoes,2024-03-02,1,2078.99,1871.09,Debit Card,In-Store,Standard,Platinum,0.1,24,2024-12-16,False,2024,3,March,Q1,9,Saturday,True,Spring,False,Spring,35-44,207.9,1039.49,831.6,44.44
C0097,Vikram Deshmukh,27,Female,Kolkata,East,Software Engineer,Beauty & Personal Care,Herbal Shampoo,2024-08-29,2,624.52,999.23,Credit Card,Online,Standard,Silver,0.2,15,2024-10-29,False,2024,8,August,Q3,35,Thursday,False,Summer,False,Summer,25-34,249.81,218.58,562.07,56.25
C0119,Shreya Nair,40,Female,Noida,North,Entrepreneur,Sports & Fitness,Adjustable Dumbbells,2024-10-29,1,2278.35,2278.35,Credit Card,Online,Standard,Regular,0.0,36,2024-12-31,False,2024,10,October,Q4,44,Tuesday,False,Autumn,True,Festive Peak (Q4),35-44,0.0,1139.18,1139.17,50.0
C0079,Shreya Sharma,23,Female,Pune,West,Teacher,Beauty & Personal Care,Sunscreen SPF 50,2024-10-01,1,990.0,841.5,UPI,Online,Standard,Regular,0.15,18,2024-12-01,False,2024,10,October,Q4,40,Tuesday,False,Autumn,True,Festive Peak (Q4),18-24,148.5,346.5,495.0,58.82
C0013,Aarav Chopra,68,Female,Jaipur,North,Marketing Specialist,Beauty & Personal Care,Moisturizing Cream,2024-11-02,3,501.55,1354.19,Net Banking,Online,Standard,Regular,0.1,15,2024-12-02,False,2024,11,November,Q4,44,Saturday,True,Autumn,True,Festive Peak (Q4),55+,150.46,175.54,827.57,61.11
C0097,Vikram Deshmukh,27,Female,Kolkata,East,Software Engineer,Sports & Fitness,Running Shoes,2024-05-07,1,4364.75,4364.75,Debit Card,Online,Standard,Silver,0.0,15,2024-10-29,False,2024,5,May,Q2,19,Tuesday,False,Spring,False,Spring,25-34,0.0,2182.38,2182.37,50.0
C0143,Karan Sharma,71,Female,Hyderabad,South,Software Engineer,Electronics,USB-C Hub,2024-06-14,3,1404.69,4214.07,Cash on Delivery,In-Store,Standard,Silver,0.0,10,2024-12-19,False,2024,6,June,Q2,24,Friday,False,Summer,False,Summer,55+,0.0,983.28,1264.23,30.0
C0030,Pooja Gupta,20,Female,Mumbai,West,Consultant,Electronics,Smartwatch,2024-12-13,1,3928.63,3928.63,Debit Card,In-Store,Standard,Gold,0.0,20,2024-12-13,False,2024,12,December,Q4,50,Friday,False,Winter,True,Festive Peak (Q4),18-24,0.0,2750.04,1178.59,30.0
C0113,Nikhil Singh,47,Male,Hyderabad,South,Consultant,Sports & Fitness,Yoga Mat,2024-10-27,2,1208.39,2295.94,Credit Card,Online,Standard,Regular,0.05,8,2024-12-28,False,2024,10,October,Q4,43,Sunday,True,Autumn,True,Festive Peak (Q4),45-54,120.84,604.2,1087.54,47.37
C0035,Amit Sharma,55,Female,Jaipur,North,Sales Executive,Books,Data Analytics Handbook,2024-12-03,2,1104.0,1876.8,UPI,Online,Standard,Regular,0.15,8,2024-12-03,False,2024,12,December,Q4,49,Tuesday,False,Winter,True,Festive Peak (Q4),55+,331.2,441.6,993.6,52.94
C0093,Aarav Singh,22,Male,Bhubaneswar,East,Architect,Clothing,Athletic Shorts,2024-04-04,1,713.2,641.88,Debit Card,Online,Standard,Platinum,0.1,5,2024-09-05,False,2024,4,April,Q2,14,Thursday,False,Spring,False,Spring,18-24,71.32,320.94,320.94,50.0
C0020,Nikhil Singh,45,Male,Mumbai,West,Sales Executive,Books,Data Analytics Handbook,2024-12-10,1,726.72,726.72,UPI,In-Store,Standard,Regular,0.0,6,2024-12-30,False,2024,12,December,Q4,50,Tuesday,False,Winter,True,Festive Peak (Q4),45-54,0.0,290.69,436.03,60.0
C0077,Arjun Kumar,62,Male,Kolkata,East,Product Manager,Beauty & Personal Care,Moisturizing Cream,2024-07-02,4,905.77,3623.08,Debit Card,Online,Standard,Gold,0.0,11,2024-12-18,True,2024,7,July,Q3,27,Tuesday,False,Summer,False,Summer,55+,0.0,317.02,2355.0,65.0
C0120,Tanvi Sharma,26,Female,Bhubaneswar,East,Financial Analyst,Clothing,Formal Shirt,2024-12-12,1,1089.24,1089.24,UPI,Mobile App,Standard,Platinum,0.0,26,2024-12-25,False,2024,12,December,Q4,50,Thursday,False,Winter,True,Festive Peak (Q4),25-34,0.0,490.16,599.08,55.0
C0056,Rohan Chopra,33,Male,Ahmedabad,West,Architect,Books,Psychology of Money,2024-02-23,1,365.35,328.82,UPI,Online,Standard,Silver,0.1,15,2024-12-20,False,2024,2,February,Q1,8,Friday,False,Winter,False,Winter,25-34,36.54,146.14,182.68,55.56
C0111,Ananya Sharma,36,Male,Pune,West,Teacher,Sports & Fitness,Running Shoes,2024-02-18,2,4645.88,9291.76,UPI,Online,Standard,Regular,0.0,14,2024-10-12,True,2024,2,February,Q1,7,Sunday,True,Winter,False,Winter,35-44,0.0,2322.94,4645.88,50.0
C0123,Ananya Joshi,54,Male,Jaipur,North,Doctor,Books,Psychology of Money,2024-09-16,2,634.31,1141.76,UPI,In-Store,Standard,Gold,0.1,26,2024-12-26,False,2024,9,September,Q3,38,Monday,False,Autumn,False,Autumn,45-54,126.86,253.72,634.32,55.56
C0135,Meera Patel,54,Female,Kolkata,East,Software Engineer,Sports & Fitness,Running Shoes,2024-07-26,1,3751.25,3751.25,Credit Card,In-Store,Standard,Platinum,0.0,11,2024-12-30,False,2024,7,July,Q3,30,Friday,False,Summer,False,Summer,45-54,0.0,1875.62,1875.63,50.0
C0040,Aarav Chopra,22,Male,Jaipur,North,Product Manager,Sports & Fitness,Resistance Bands Set,2024-12-18,1,1090.43,872.34,Cash on Delivery,Online,Standard,Gold,0.2,36,2024-12-27,False,2024,12,December,Q4,51,Wednesday,False,Winter,True,Festive Peak (Q4),18-24,218.09,545.22,327.12,37.5
C0064,Priya Nair,68,Male,Mumbai,West,Designer,Beauty & Personal Care,Herbal Shampoo,2024-03-12,2,549.99,1044.98,UPI,In-Store,Standard,Regular,0.05,7,2024-12-09,False,2024,3,March,Q1,11,Tuesday,False,Spring,False,Spring,55+,55.0,192.5,659.98,63.16
C0028,Shreya Joshi,55,Male,Mumbai,West,Data Analyst,Clothing,Formal Shirt,2024-05-22,1,2045.44,1943.17,Net Banking,Mobile App,Standard,Platinum,0.05,14,2024-12-30,False,2024,5,May,Q2,21,Wednesday,False,Spring,False,Spring,55+,102.27,920.45,1022.72,52.63
C0149,Ananya Singh,64,Female,Jaipur,North,Software Engineer,Electronics,Power Bank,2024-03-27,1,1653.52,1653.52,UPI,Online,Standard,Platinum,0.0,17,2024-12-28,False,2024,3,March,Q1,13,Wednesday,False,Spring,False,Spring,55+,0.0,1157.46,496.06,30.0
C0135,Meera Patel,54,Female,Kolkata,East,Software Engineer,Books,Psychology of Money,2024-11-11,1,355.55,355.55,UPI,Online,Standard,Platinum,0.0,11,2024-12-30,False,2024,11,November,Q4,46,Monday,False,Autumn,True,Festive Peak (Q4),45-54,0.0,142.22,213.33,60.0
C0094,Siddharth Kumar,38,Female,Bhubaneswar,East,Marketing Specialist,Books,Business Strategy Guide,2024-05-03,2,521.07,1042.14,Credit Card,Mobile App,Standard,Regular,0.0,16,2024-12-05,False,2024,5,May,Q2,18,Friday,False,Spring,False,Spring,35-44,0.0,208.43,625.28,60.0
C0130,Riya Singh,48,Male,Hyderabad,South,Product Manager,Books,Psychology of Money,2024-03-26,1,597.64,507.99,UPI,Mobile App,Standard,Silver,0.15,20,2024-12-21,False,2024,3,March,Q1,13,Tuesday,False,Spring,False,Spring,45-54,89.65,239.06,268.93,52.94
C0089,Sneha Chopra,22,Other,Ahmedabad,West,Marketing Specialist,Sports & Fitness,Running Shoes,2024-01-24,2,3807.56,7234.36,Debit Card,Online,Standard,Platinum,0.05,14,2024-11-14,False,2024,1,January,Q1,4,Wednesday,False,Winter,False,Winter,18-24,380.76,1903.78,3426.8,47.37
C0106,Manish Bose,62,Male,Bhubaneswar,East,Financial Analyst,Clothing,Cotton T-Shirt,2024-10-24,1,755.8,755.8,Debit Card,Online,Standard,Gold,0.0,31,2024-12-30,False,2024,10,October,Q4,43,Thursday,False,Autumn,True,Festive Peak (Q4),55+,0.0,340.11,415.69,55.0
C0019,Rahul Joshi,39,Female,Kolkata,East,Entrepreneur,Beauty & Personal Care,Moisturizing Cream,2024-01-18,2,689.02,1102.43,Credit Card,Online,Standard,Silver,0.2,3,2024-02-18,False,2024,1,January,Q1,3,Thursday,False,Winter,False,Winter,35-44,275.61,241.16,620.11,56.25
C0120,Tanvi Sharma,26,Female,Bhubaneswar,East,Financial Analyst,Home & Kitchen,Stainless Steel Knife Set,2024-02-24,5,1640.03,7790.14,UPI,Online,Standard,Platinum,0.05,26,2024-12-25,False,2024,2,February,Q1,8,Saturday,True,Winter,False,Winter,25-34,410.01,984.02,2870.04,36.84
C0025,Rahul Verma,66,Male,Hyderabad,South,Software Engineer,Books,Data Analytics Handbook,2024-07-20,4,779.13,3116.52,Net Banking,Online,Standard,Silver,0.0,27,2024-12-24,True,2024,7,July,Q3,29,Saturday,True,Summer,False,Summer,55+,0.0,311.65,1869.92,60.0
C0128,Aarav Patel,53,Other,Chennai,South,Software Engineer,Clothing,Formal Shirt,2024-06-22,1,2042.97,1634.38,Credit Card,In-Store,Standard,Regular,0.2,8,2024-11-18,False,2024,6,June,Q2,25,Saturday,True,Summer,False,Summer,45-54,408.59,919.34,715.04,43.75
C0122,Amit Reddy,29,Male,Delhi,North,Financial Analyst,Home & Kitchen,Non-Stick Frying Pan,2024-12-12,4,1116.33,4018.79,Net Banking,In-Store,Standard,Regular,0.1,13,2024-12-21,False,2024,12,December,Q4,50,Thursday,False,Winter,True,Festive Peak (Q4),25-34,446.53,669.8,1339.59,33.33
C0115,Amit Patel,47,Male,Jaipur,North,Sales Executive,Books,Data Analytics Handbook,2024-11-28,1,622.69,498.15,Cash on Delivery,Online,Standard,Regular,0.2,14,2024-11-28,False,2024,11,November,Q4,48,Thursday,False,Autumn,True,Festive Peak (Q4),45-54,124.54,249.08,249.07,50.0
C0011,Ananya Mehta,35,Female,Hyderabad,South,Designer,Clothing,Formal Shirt,2024-11-11,1,1997.72,1897.83,UPI,Online,Standard,Regular,0.05,6,2024-11-11,False,2024,11,November,Q4,46,Monday,False,Autumn,True,Festive Peak (Q4),35-44,99.89,898.97,998.86,52.63
C0043,Nikhil Das,20,Male,Chennai,South,Designer,Books,Python Programming,2024-01-25,1,1069.25,1015.79,Net Banking,Online,Standard,Regular,0.05,1,2024-01-25,False,2024,1,January,Q1,4,Thursday,False,Winter,False,Winter,18-24,53.46,427.7,588.09,57.89
C0058,Meera Mehta,50,Male,Pune,West,Consultant,Sports & Fitness,Yoga Mat,2024-07-24,3,786.72,2006.14,Debit Card,Online,Standard,Gold,0.15,4,2024-12-18,False,2024,7,July,Q3,30,Wednesday,False,Summer,False,Summer,45-54,354.02,393.36,826.06,41.18
C0018,Pooja Bose,40,Female,Bhubaneswar,East,Entrepreneur,Sports & Fitness,Resistance Bands Set,2024-06-17,1,1006.5,805.2,Debit Card,Online,Standard,Silver,0.2,10,2024-11-27,False,2024,6,June,Q2,25,Monday,False,Summer,False,Summer,35-44,201.3,503.25,301.95,37.5
C0137,Aarav Bose,38,Male,Mumbai,West,Teacher,Home & Kitchen,Ceramic Mug Set,2024-12-26,1,652.67,652.67,UPI,Online,Standard,Regular,0.0,15,2024-12-26,False,2024,12,December,Q4,52,Thursday,False,Winter,True,Festive Peak (Q4),35-44,0.0,391.6,261.07,40.0
C0051,Varun Das,47,Female,Bangalore,South,Financial Analyst,Electronics,Bluetooth Speaker,2024-01-04,3,2604.98,7814.94,Debit Card,Online,Standard,Regular,0.0,15,2024-12-16,False,2024,1,January,Q1,1,Thursday,False,Winter,False,Winter,45-54,0.0,1823.49,2344.47,30.0
C0064,Priya Nair,68,Male,Mumbai,West,Designer,Beauty & Personal Care,Herbal Shampoo,2024-04-16,3,347.1,1041.3,Credit Card,In-Store,Standard,Regular,0.0,7,2024-12-09,False,2024,4,April,Q2,16,Tuesday,False,Spring,False,Spring,55+,0.0,121.48,676.86,65.0
C0076,Pooja Patel,48,Female,Ahmedabad,West,Consultant,Home & Kitchen,Non-Stick Frying Pan,2024-12-23,1,1329.84,1130.36,Net Banking,Online,Standard,Silver,0.15,5,2024-12-23,False,2024,12,December,Q4,52,Monday,False,Winter,True,Festive Peak (Q4),45-54,199.48,797.9,332.46,29.41
C0104,Shreya Bose,65,Male,Kolkata,East,Product Manager,Home & Kitchen,Non-Stick Frying Pan,2024-08-30,3,1122.94,3368.82,Net Banking,Online,Standard,Regular,0.0,22,2024-12-24,False,2024,8,August,Q3,35,Friday,False,Summer,False,Summer,55+,0.0,673.76,1347.54,40.0
C0089,Sneha Chopra,22,Other,Ahmedabad,West,Marketing Specialist,Home & Kitchen,Non-Stick Frying Pan,2024-05-04,1,1444.99,1444.99,Credit Card,In-Store,Standard,Platinum,0.0,14,2024-11-14,False,2024,5,May,Q2,18,Saturday,True,Spring,False,Spring,18-24,0.0,866.99,578.0,40.0
C0135,Meera Patel,54,Female,Kolkata,East,Software Engineer,Books,Data Analytics Handbook,2024-02-20,5,861.75,4308.75,UPI,In-Store,Standard,Platinum,0.0,11,2024-12-30,True,2024,2,February,Q1,8,Tuesday,False,Winter,False,Winter,45-54,0.0,344.7,2585.25,60.0
C0084,Riya Mukherjee,26,Male,Mumbai,West,Entrepreneur,Electronics,Power Bank,2024-03-19,2,1786.16,3393.7,Credit Card,Online,Standard,Regular,0.05,11,2024-12-04,False,2024,3,March,Q1,12,Tuesday,False,Spring,False,Spring,25-34,178.62,1250.31,893.08,26.32
C0149,Ananya Singh,64,Female,Jaipur,North,Software Engineer,Books,Business Strategy Guide,2024-08-23,1,773.91,773.91,Debit Card,In-Store,Standard,Platinum,0.0,17,2024-12-28,False,2024,8,August,Q3,34,Friday,False,Summer,False,Summer,55+,0.0,309.56,464.35,60.0
C0130,Riya Singh,48,Male,Hyderabad,South,Product Manager,Clothing,Formal Shirt,2024-02-07,1,1122.82,1010.54,Debit Card,In-Store,Standard,Silver,0.1,20,2024-12-21,False,2024,2,February,Q1,6,Wednesday,False,Winter,False,Winter,45-54,112.28,505.27,505.27,50.0
C0135,Meera Patel,54,Female,Kolkata,East,Software Engineer,Books,Atomic Habits,2024-04-24,3,568.13,1363.51,Credit Card,Online,Standard,Platinum,0.2,11,2024-12-30,False,2024,4,April,Q2,17,Wednesday,False,Spring,False,Spring,45-54,340.88,227.25,681.76,50.0
C0025,Rahul Verma,66,Male,Hyderabad,South,Software Engineer,Electronics,Wireless Headphones,2024-06-05,2,3772.41,6790.34,Credit Card,Online,Standard,Silver,0.1,27,2024-12-24,False,2024,6,June,Q2,23,Wednesday,False,Summer,False,Summer,55+,754.48,2640.69,1508.96,22.22
C0126,Siddharth Kumar,31,Male,Hyderabad,South,Marketing Specialist,Clothing,Athletic Shorts,2024-10-11,1,1048.77,943.89,Cash on Delivery,In-Store,Standard,Silver,0.1,19,2024-12-24,False,2024,10,October,Q4,41,Friday,False,Autumn,True,Festive Peak (Q4),25-34,104.88,471.95,471.94,50.0
C0061,Tanvi Iyer,67,Female,Delhi,North,Software Engineer,Clothing,Cotton T-Shirt,2024-12-08,2,1168.89,2337.78,Debit Card,In-Store,Standard,Regular,0.0,13,2024-12-08,False,2024,12,December,Q4,49,Sunday,True,Winter,True,Festive Peak (Q4),55+,0.0,526.0,1285.78,55.0
C0131,Ananya Mehta,64,Male,Noida,North,Student,Books,Python Programming,2024-07-05,1,1013.67,962.99,Credit Card,Online,Standard,Platinum,0.05,43,2024-12-29,False,2024,7,July,Q3,27,Friday,False,Summer,False,Summer,55+,50.68,405.47,557.52,57.89
C0125,Ananya Kumar,55,Female,Delhi,North,Architect,Sports & Fitness,Adjustable Dumbbells,2024-01-29,3,2993.61,7633.71,UPI,Online,Standard,Silver,0.15,9,2024-12-29,False,2024,1,January,Q1,5,Monday,False,Winter,False,Winter,55+,1347.12,1496.8,3143.31,41.18
C0123,Ananya Joshi,54,Male,Jaipur,North,Doctor,Sports & Fitness,Resistance Bands Set,2024-08-08,2,647.43,1294.86,Debit Card,Online,Standard,Gold,0.0,26,2024-12-26,False,2024,8,August,Q3,32,Thursday,False,Summer,False,Summer,45-54,0.0,323.71,647.44,50.0
C0051,Varun Das,47,Female,Bangalore,South,Financial Analyst,Books,Business Strategy Guide,2024-09-06,1,716.74,680.9,Credit Card,Online,Standard,Regular,0.05,15,2024-12-16,False,2024,9,September,Q3,36,Friday,False,Autumn,False,Autumn,45-54,35.84,286.7,394.2,57.89
C0017,Karan Mukherjee,59,Male,Jaipur,North,Consultant,Home & Kitchen,Coffee Maker,2024-01-25,1,4149.53,4149.53,Debit Card,In-Store,Standard,Silver,0.0,7,2024-12-08,False,2024,1,January,Q1,4,Thursday,False,Winter,False,Winter,55+,0.0,2489.72,1659.81,40.0
C0066,Karan Iyer,66,Male,Mumbai,West,Data Analyst,Home & Kitchen,Stainless Steel Knife Set,2024-11-19,1,1371.33,1165.63,UPI,Mobile App,Standard,Silver,0.15,1,2024-11-19,False,2024,11,November,Q4,47,Tuesday,False,Autumn,True,Festive Peak (Q4),55+,205.7,822.8,342.83,29.41
C0030,Pooja Gupta,20,Female,Mumbai,West,Consultant,Electronics,Smartwatch,2024-09-06,1,4990.53,4741.0,Debit Card,Online,Standard,Gold,0.05,20,2024-12-13,False,2024,9,September,Q3,36,Friday,False,Autumn,False,Autumn,18-24,249.53,3493.37,1247.63,26.32
C0114,Rohan Gupta,53,Other,Ahmedabad,West,Data Analyst,Electronics,Smartwatch,2024-04-02,2,5735.27,11470.54,Debit Card,In-Store,Standard,Platinum,0.0,11,2024-12-11,False,2024,4,April,Q2,14,Tuesday,False,Spring,False,Spring,45-54,0.0,4014.69,3441.16,30.0
C0056,Rohan Chopra,33,Male,Ahmedabad,West,Architect,Electronics,Power Bank,2024-03-14,4,1592.87,5734.33,UPI,Online,Standard,Silver,0.1,15,2024-12-20,False,2024,3,March,Q1,11,Thursday,False,Spring,False,Spring,25-34,637.15,1115.01,1274.29,22.22
C0145,Meera Iyer,35,Male,Jaipur,North,Data Analyst,Sports & Fitness,Adjustable Dumbbells,2024-04-05,3,3096.91,9290.73,UPI,In-Store,Standard,Silver,0.0,13,2024-12-16,True,2024,4,April,Q2,14,Friday,False,Spring,False,Spring,35-44,0.0,1548.46,4645.35,50.0
C0107,Rohan Mukherjee,64,Male,Noida,North,Designer,Beauty & Personal Care,Moisturizing Cream,2024-04-24,3,378.45,1021.82,Credit Card,In-Store,Standard,Silver,0.1,5,2024-12-30,False,2024,4,April,Q2,17,Wednesday,False,Spring,False,Spring,55+,113.54,132.46,624.44,61.11
C0126,Siddharth Kumar,31,Male,Hyderabad,South,Marketing Specialist,Clothing,Casual Jacket,2024-06-03,1,2054.18,2054.18,UPI,Online,Standard,Silver,0.0,19,2024-12-24,False,2024,6,June,Q2,23,Monday,False,Summer,False,Summer,25-34,0.0,924.38,1129.8,55.0
C0025,Rahul Verma,66,Male,Hyderabad,South,Software Engineer,Clothing,Athletic Shorts,2024-05-02,5,975.41,4877.05,UPI,In-Store,Standard,Silver,0.0,27,2024-12-24,False,2024,5,May,Q2,18,Thursday,False,Spring,False,Spring,55+,0.0,438.93,2682.4,55.0
C0131,Ananya Mehta,47,Male,Noida,North,Student,Clothing,Athletic Shorts,2024-11-19,2,832.71,1665.42,Credit Card,Mobile App,Standard,Platinum,0.0,43,2024-12-29,False,2024,11,November,Q4,47,Tuesday,False,Autumn,True,Festive Peak (Q4),45-54,0.0,374.72,915.98,55.0
C0135,Meera Patel,54,Female,Kolkata,East,Software Engineer,Sports & Fitness,Adjustable Dumbbells,2024-07-09,1,2708.33,2572.91,UPI,Online,Standard,Platinum,0.05,11,2024-12-30,False,2024,7,July,Q3,28,Tuesday,False,Summer,False,Summer,45-54,135.42,1354.16,1218.75,47.37
C0080,Vikram Patel,36,Other,Noida,North,Architect,Clothing,Athletic Shorts,2024-06-27,3,637.73,1913.19,UPI,Online,Standard,Silver,0.0,16,2024-12-24,False,2024,6,June,Q2,26,Thursday,False,Summer,False,Summer,35-44,0.0,286.98,1052.25,55.0
C0104,Shreya Bose,65,Male,Kolkata,East,Product Manager,Home & Kitchen,Ceramic Mug Set,2024-03-21,1,688.05,619.24,UPI,In-Store,Standard,Regular,0.1,22,2024-12-24,False,2024,3,March,Q1,12,Thursday,False,Spring,False,Spring,55+,68.8,412.83,206.41,33.33
C0120,Tanvi Sharma,26,Female,Bhubaneswar,East,Financial Analyst,Home & Kitchen,Ceramic Mug Set,2024-12-25,3,516.88,1318.04,Cash on Delivery,Mobile App,Standard,Platinum,0.15,26,2024-12-25,False,2024,12,December,Q4,52,Wednesday,False,Winter,True,Festive Peak (Q4),25-34,232.6,310.13,387.65,29.41
C0030,Pooja Gupta,20,Female,Mumbai,West,Consultant,Electronics,Bluetooth Speaker,2024-07-10,1,1508.48,1282.21,UPI,Mobile App,Standard,Gold,0.15,20,2024-12-13,False,2024,7,July,Q3,28,Wednesday,False,Summer,False,Summer,18-24,226.27,1055.94,226.27,17.65
C0086,Shreya Bose,62,Male,Hyderabad,South,Software Engineer,Electronics,USB-C Hub,2024-11-21,1,901.34,901.34,UPI,Online,Standard,Regular,0.0,1,2024-11-21,False,2024,11,November,Q4,47,Thursday,False,Autumn,True,Festive Peak (Q4),55+,0.0,630.94,270.4,30.0
C0064,Priya Nair,68,Male,Mumbai,West,Designer,Sports & Fitness,Running Shoes,2024-02-04,2,4411.5,7940.7,Credit Card,In-Store,Standard,Regular,0.1,7,2024-12-09,False,2024,2,February,Q1,5,Sunday,True,Winter,False,Winter,55+,882.3,2205.75,3529.2,44.44
C0059,Riya Mehta,51,Male,Kolkata,East,Designer,Beauty & Personal Care,Sunscreen SPF 50,2024-10-24,1,815.84,815.84,UPI,Online,Standard,Regular,0.0,5,2024-10-24,False,2024,10,October,Q4,43,Thursday,False,Autumn,True,Festive Peak (Q4),45-54,0.0,285.54,530.3,65.0
C0014,Vikram Nair,58,Female,Chennai,South,Financial Analyst,Electronics,Smartwatch,2024-03-26,1,5397.64,5397.64,Credit Card,In-Store,Standard,Silver,0.0,19,2024-12-21,False,2024,3,March,Q1,13,Tuesday,False,Spring,False,Spring,55+,0.0,3778.35,1619.29,30.0
C0005,Meera Mukherjee,61,Female,Chennai,South,Marketing Specialist,Sports & Fitness,Running Shoes,2024-09-30,2,4459.58,8027.24,Debit Card,In-Store,Standard,Regular,0.1,19,2024-12-18,False,2024,9,September,Q3,40,Monday,False,Autumn,False,Autumn,55+,891.92,2229.79,3567.66,44.44
C0143,Karan Sharma,71,Female,Hyderabad,South,Software Engineer,Beauty & Personal Care,Perfume Spray,2024-05-14,3,2149.53,6448.59,UPI,Online,Standard,Silver,0.0,10,2024-12-19,True,2024,5,May,Q2,20,Tuesday,False,Spring,False,Spring,55+,0.0,752.34,4191.57,65.0
C0095,Aditi Singh,51,Female,Bhubaneswar,East,Marketing Specialist,Clothing,Formal Shirt,2024-06-15,3,928.58,2785.74,Net Banking,Online,Standard,Regular,0.0,3,2024-06-17,False,2024,6,June,Q2,24,Saturday,True,Summer,False,Summer,45-54,0.0,417.86,1532.16,55.0
C0144,Varun Bose,36,Male,Delhi,North,Entrepreneur,Clothing,Casual Jacket,2024-06-24,2,2208.94,4196.99,UPI,Online,Standard,Silver,0.05,5,2024-12-06,False,2024,6,June,Q2,26,Monday,False,Summer,False,Summer,35-44,220.89,994.02,2208.95,52.63
C0074,Ananya Nair,47,Female,Noida,North,Doctor,Sports & Fitness,Yoga Mat,2024-05-18,2,622.63,1058.47,Debit Card,Mobile App,Standard,Silver,0.15,11,2024-12-18,False,2024,5,May,Q2,20,Saturday,True,Spring,False,Spring,45-54,186.79,311.32,435.83,41.18
C0051,Varun Das,47,Female,Bangalore,South,Financial Analyst,Sports & Fitness,Adjustable Dumbbells,2024-06-02,2,2810.86,5621.72,Credit Card,In-Store,Standard,Regular,0.0,15,2024-12-16,False,2024,6,June,Q2,22,Sunday,True,Summer,False,Summer,45-54,0.0,1405.43,2810.86,50.0
C0087,Divya Das,28,Female,Chennai,South,Teacher,Clothing,Slim Fit Jeans,2024-05-07,2,2691.35,5382.7,Credit Card,In-Store,Standard,Regular,0.0,7,2024-11-22,False,2024,5,May,Q2,19,Tuesday,False,Spring,False,Spring,25-34,0.0,1211.11,2960.48,55.0
C0074,Ananya Nair,67,Female,Noida,North,Doctor,Home & Kitchen,Non-Stick Frying Pan,2024-03-22,2,1709.96,3077.93,Cash on Delivery,Mobile App,Standard,Silver,0.1,11,2024-12-18,False,2024,3,March,Q1,12,Friday,False,Spring,False,Spring,55+,341.99,1025.98,1025.97,33.33
C0022,Tanvi Deshmukh,20,Male,Hyderabad,South,Student,Home & Kitchen,Coffee Maker,2024-10-06,3,3816.21,10876.2,UPI,In-Store,Standard,Silver,0.05,8,2024-12-15,True,2024,10,October,Q4,40,Sunday,True,Autumn,True,Festive Peak (Q4),18-24,572.43,2289.73,4007.01,36.84
C0107,Rohan Mukherjee,64,Male,Noida,North,Designer,Beauty & Personal Care,Face Cleanser,2024-03-09,1,595.69,536.12,Debit Card,Online,Standard,Silver,0.1,5,2024-12-30,False,2024,3,March,Q1,10,Saturday,True,Spring,False,Spring,55+,59.57,208.49,327.63,61.11
C0039,Sneha Deshmukh,71,Female,Bhubaneswar,East,Data Analyst,Home & Kitchen,Coffee Maker,2024-06-21,2,3049.07,5183.42,Cash on Delivery,In-Store,Standard,Silver,0.15,13,2024-12-26,False,2024,6,June,Q2,25,Friday,False,Summer,False,Summer,55+,914.72,1829.44,1524.54,29.41
C0106,Manish Bose,62,Male,Bhubaneswar,East,Financial Analyst,Books,Python Programming,2024-09-28,1,1029.59,978.11,Credit Card,Online,Standard,Gold,0.05,31,2024-12-30,False,2024,9,September,Q3,39,Saturday,True,Autumn,False,Autumn,55+,51.48,411.84,566.27,57.89
C0028,Shreya Joshi,55,Male,Mumbai,West,Data Analyst,Sports & Fitness,Running Shoes,2024-02-12,2,4463.7,7141.92,UPI,Online,Standard,Platinum,0.2,14,2024-12-30,False,2024,2,February,Q1,7,Monday,False,Winter,False,Winter,55+,1785.48,2231.85,2678.22,37.5
C0014,Vikram Nair,58,Female,Chennai,South,Financial Analyst,Books,Data Analytics Handbook,2024-02-11,2,1046.13,2092.26,UPI,Online,Standard,Silver,0.0,19,2024-12-21,False,2024,2,February,Q1,6,Sunday,True,Winter,False,Winter,55+,0.0,418.45,1255.36,60.0
C0122,Amit Reddy,29,Male,Delhi,North,Financial Analyst,Sports & Fitness,Running Shoes,2024-01-04,1,4054.96,3446.72,UPI,Online,Standard,Regular,0.15,13,2024-12-21,False,2024,1,January,Q1,1,Thursday,False,Winter,False,Winter,25-34,608.24,2027.48,1419.24,41.18
C0078,Karan Kumar,20,Female,Chennai,South,Accountant,Books,Atomic Habits,2024-09-21,4,435.85,1569.06,UPI,Online,Standard,Silver,0.1,11,2024-10-05,False,2024,9,September,Q3,38,Saturday,True,Autumn,False,Autumn,18-24,174.34,174.34,871.7,55.56
C0013,Aarav Chopra,68,Female,Jaipur,North,Marketing Specialist,Sports & Fitness,Running Shoes,2024-01-14,3,3109.5,7929.22,UPI,Online,Standard,Regular,0.15,15,2024-12-02,False,2024,1,January,Q1,2,Sunday,True,Winter,False,Winter,55+,1399.28,1554.75,3264.97,41.18
C0149,Ananya Singh,64,Female,Jaipur,North,Software Engineer,Beauty & Personal Care,Herbal Shampoo,2024-02-08,5,501.82,2509.1,Net Banking,Online,Standard,Platinum,0.0,17,2024-12-28,False,2024,2,February,Q1,6,Thursday,False,Winter,False,Winter,55+,0.0,175.64,1630.9,65.0
C0013,Aarav Chopra,68,Female,Jaipur,North,Marketing Specialist,Home & Kitchen,Coffee Maker,2024-04-05,2,2204.63,4409.26,Debit Card,Online,Standard,Regular,0.0,15,2024-12-02,False,2024,4,April,Q2,14,Friday,False,Spring,False,Spring,55+,0.0,1322.78,1763.7,40.0
C0114,Rohan Gupta,53,Other,Ahmedabad,West,Data Analyst,Home & Kitchen,Ceramic Mug Set,2024-01-11,3,400.95,1202.85,Credit Card,Online,Standard,Platinum,0.0,11,2024-12-11,False,2024,1,January,Q1,2,Thursday,False,Winter,False,Winter,45-54,0.0,240.57,481.14,40.0
C0148,Divya Kumar,25,Male,Bangalore,South,Marketing Specialist,Sports & Fitness,Resistance Bands Set,2024-07-25,2,633.67,1140.61,Debit Card,Online,Standard,Silver,0.1,9,2024-12-20,False,2024,7,July,Q3,30,Thursday,False,Summer,False,Summer,25-34,126.73,316.83,506.95,44.45
C0040,Aarav Chopra,22,Male,Jaipur,North,Product Manager,Sports & Fitness,Water Bottle 1L,2024-05-21,2,644.55,1095.73,Net Banking,In-Store,Standard,Gold,0.15,36,2024-12-27,False,2024,5,May,Q2,21,Tuesday,False,Spring,False,Spring,18-24,193.36,322.27,451.19,41.18
C0026,Aditi Verma,71,Male,Delhi,North,Software Engineer,Home & Kitchen,Ceramic Mug Set,2024-03-28,1,966.99,870.29,Cash on Delivery,Mobile App,Standard,Silver,0.1,9,2024-12-18,False,2024,3,March,Q1,13,Thursday,False,Spring,False,Spring,55+,96.7,580.19,290.1,33.33
C0025,Rahul Verma,66,Male,Hyderabad,South,Software Engineer,Electronics,Bluetooth Speaker,2024-06-23,1,3392.64,3392.64,UPI,Online,Standard,Silver,0.0,27,2024-12-24,False,2024,6,June,Q2,25,Sunday,True,Summer,False,Summer,55+,0.0,2374.85,1017.79,30.0
C0050,Amit Chopra,50,Female,Pune,West,Consultant,Beauty & Personal Care,Face Cleanser,2024-04-10,2,613.13,1103.63,Cash on Delivery,Online,Standard,Gold,0.1,8,2024-12-04,False,2024,4,April,Q2,15,Wednesday,False,Spring,False,Spring,45-54,122.63,214.6,674.43,61.11
C0022,Tanvi Deshmukh,20,Male,Hyderabad,South,Student,Sports & Fitness,Water Bottle 1L,2024-06-20,4,763.9,2750.04,UPI,Mobile App,Standard,Silver,0.1,8,2024-12-15,False,2024,6,June,Q2,25,Thursday,False,Summer,False,Summer,18-24,305.56,381.95,1222.24,44.44
C0113,Nikhil Singh,47,Male,Hyderabad,South,Consultant,Beauty & Personal Care,Perfume Spray,2024-06-03,3,3038.25,7291.8,Credit Card,Online,Standard,Regular,0.2,8,2024-12-28,True,2024,6,June,Q2,23,Monday,False,Summer,False,Summer,45-54,1822.95,1063.39,4101.63,56.25
C0014,Vikram Nair,58,Female,Chennai,South,Financial Analyst,Electronics,Wireless Headphones,2024-09-02,2,4107.36,7393.25,UPI,Online,Standard,Silver,0.1,19,2024-12-21,False,2024,9,September,Q3,36,Monday,False,Autumn,False,Autumn,55+,821.47,2875.15,1642.95,22.22
C0087,Divya Das,28,Female,Chennai,South,Teacher,Books,Atomic Habits,2024-11-22,3,769.17,2192.13,UPI,Mobile App,Standard,Regular,0.05,7,2024-11-22,False,2024,11,November,Q4,47,Friday,False,Autumn,True,Festive Peak (Q4),25-34,115.38,307.67,1269.12,57.89
C0149,Ananya Singh,64,Female,Jaipur,North,Software Engineer,Clothing,Casual Jacket,2024-02-03,3,3371.95,9610.06,UPI,Online,Standard,Platinum,0.05,17,2024-12-28,True,2024,2,February,Q1,5,Saturday,True,Winter,False,Winter,55+,505.79,1517.38,5057.92,52.63
C0126,Siddharth Kumar,31,Male,Hyderabad,South,Marketing Specialist,Electronics,Bluetooth Speaker,2024-05-22,2,2997.12,5394.82,Debit Card,Online,Standard,Silver,0.1,19,2024-12-24,False,2024,5,May,Q2,21,Wednesday,False,Spring,False,Spring,25-34,599.42,2097.98,1198.86,22.22
C0104,Shreya Bose,65,Male,Kolkata,East,Product Manager,Beauty & Personal Care,Face Cleanser,2024-12-18,4,364.14,1310.9,Net Banking,In-Store,Standard,Regular,0.1,22,2024-12-24,False,2024,12,December,Q4,51,Wednesday,False,Winter,True,Festive Peak (Q4),55+,145.66,127.45,801.1,61.11
C0051,Varun Das,47,Female,Bangalore,South,Financial Analyst,Beauty & Personal Care,Perfume Spray,2024-08-27,3,3045.9,9137.7,Credit Card,Online,Standard,Regular,0.0,15,2024-12-16,True,2024,8,August,Q3,35,Tuesday,False,Summer,False,Summer,45-54,0.0,1066.06,5939.52,65.0
C0106,Manish Bose,62,Male,Bhubaneswar,East,Financial Analyst,Books,Business Strategy Guide,2024-01-27,1,789.78,750.29,Credit Card,Mobile App,Standard,Gold,0.05,31,2024-12-30,False,2024,1,January,Q1,4,Saturday,True,Winter,False,Winter,55+,39.49,315.91,434.38,57.89
C0092,Aditi Chopra,51,Male,Jaipur,North,Student,Electronics,Power Bank,2024-07-15,1,1382.34,1105.87,Cash on Delivery,Online,Standard,Silver,0.2,9,2024-09-23,False,2024,7,July,Q3,29,Monday,False,Summer,False,Summer,45-54,276.47,967.64,138.23,12.5
C0072,Priya Nair,22,Female,Bhubaneswar,East,Student,Books,Python Programming,2024-07-16,1,659.26,527.41,UPI,Online,Standard,Gold,0.2,5,2024-08-29,False,2024,7,July,Q3,29,Tuesday,False,Summer,False,Summer,18-24,131.85,263.7,263.71,50.0
C0025,Rahul Verma,66,Male,Hyderabad,South,Software Engineer,Clothing,Slim Fit Jeans,2024-02-18,3,2583.16,7749.48,Debit Card,In-Store,Standard,Silver,0.0,27,2024-12-24,False,2024,2,February,Q1,7,Sunday,True,Winter,False,Winter,55+,0.0,1162.42,4262.22,55.0
C0132,Arjun Patel,43,Male,Pune,West,Product Manager,Home & Kitchen,Non-Stick Frying Pan,2024-02-14,2,974.04,1753.27,Credit Card,Online,Standard,Gold,0.1,21,2024-12-03,False,2024,2,February,Q1,7,Wednesday,False,Winter,False,Winter,35-44,194.81,584.42,584.43,33.33
C0077,Arjun Kumar,62,Male,Kolkata,East,Product Manager,Books,Data Analytics Handbook,2024-10-05,1,993.23,893.91,Credit Card,In-Store,Standard,Gold,0.1,11,2024-12-18,False,2024,10,October,Q4,40,Saturday,True,Autumn,True,Festive Peak (Q4),55+,99.32,397.29,496.62,55.56
C0032,Priya Gupta,33,Female,Chennai,South,Product Manager,Home & Kitchen,Coffee Maker,2024-03-27,1,3117.7,3117.7,UPI,Online,Standard,Silver,0.0,2,2024-06-02,False,2024,3,March,Q1,13,Wednesday,False,Spring,False,Spring,25-34,0.0,1870.62,1247.08,40.0
C0069,Neha Deshmukh,36,Male,Bangalore,South,Accountant,Beauty & Personal Care,Perfume Spray,2024-08-18,1,2590.32,2201.77,UPI,Mobile App,Standard,Regular,0.15,8,2024-11-20,False,2024,8,August,Q3,33,Sunday,True,Summer,False,Summer,35-44,388.55,906.61,1295.16,58.82
C0128,Aarav Patel,53,Other,Chennai,South,Software Engineer,Books,Atomic Habits,2024-05-22,3,515.68,1314.98,UPI,Online,Standard,Regular,0.15,8,2024-11-18,False,2024,5,May,Q2,21,Wednesday,False,Spring,False,Spring,45-54,232.06,206.27,696.17,52.94
C0119,Shreya Nair,40,Female,Noida,North,Entrepreneur,Beauty & Personal Care,Face Cleanser,2024-10-30,1,471.4,471.4,UPI,Online,Standard,Regular,0.0,36,2024-12-31,False,2024,10,October,Q4,44,Wednesday,False,Autumn,True,Festive Peak (Q4),35-44,0.0,164.99,306.41,65.0
C0120,Tanvi Sharma,26,Female,Bhubaneswar,East,Financial Analyst,Home & Kitchen,Electric Blender,2024-09-09,2,1887.22,3774.44,UPI,Mobile App,Standard,Platinum,0.0,26,2024-12-25,False,2024,9,September,Q3,37,Monday,False,Autumn,False,Autumn,25-34,0.0,1132.33,1509.78,40.0
C0002,Manish Joshi,41,Male,Hyderabad,South,Financial Analyst,Clothing,Casual Jacket,2024-08-30,1,4921.34,4183.14,Debit Card,Online,Standard,Regular,0.15,8,2024-12-27,False,2024,8,August,Q3,35,Friday,False,Summer,False,Summer,35-44,738.2,2214.6,1968.54,47.06
C0069,Neha Deshmukh,36,Male,Bangalore,South,Accountant,Clothing,Casual Jacket,2024-11-17,1,4841.51,4599.43,Credit Card,Online,Standard,Regular,0.05,8,2024-11-20,False,2024,11,November,Q4,46,Sunday,True,Autumn,True,Festive Peak (Q4),35-44,242.08,2178.68,2420.75,52.63
C0080,Vikram Patel,36,Other,Noida,North,Architect,Electronics,Power Bank,2024-02-12,3,1278.61,3068.66,UPI,Online,Standard,Silver,0.2,16,2024-12-24,False,2024,2,February,Q1,7,Monday,False,Winter,False,Winter,35-44,767.17,895.03,383.57,12.5
C0005,Meera Mukherjee,61,Female,Chennai,South,Marketing Specialist,Beauty & Personal Care,Face Cleanser,2024-12-18,1,492.48,492.48,UPI,Online,Standard,Regular,0.0,19,2024-12-18,False,2024,12,December,Q4,51,Wednesday,False,Winter,True,Festive Peak (Q4),55+,0.0,172.37,320.11,65.0
C0041,Ravi Das,61,Female,Pune,West,Teacher,Beauty & Personal Care,Perfume Spray,2024-03-26,1,2156.06,2156.06,UPI,Online,Standard,Silver,0.0,12,2024-11-09,False,2024,3,March,Q1,13,Tuesday,False,Spring,False,Spring,55+,0.0,754.62,1401.44,65.0
C0120,Tanvi Sharma,26,Female,Bhubaneswar,East,Financial Analyst,Home & Kitchen,Non-Stick Frying Pan,2024-09-06,3,1668.3,5004.9,Net Banking,Online,Standard,Platinum,0.0,26,2024-12-25,False,2024,9,September,Q3,36,Friday,False,Autumn,False,Autumn,25-34,0.0,1000.98,2001.96,40.0
C0026,Aditi Verma,71,Male,Delhi,North,Software Engineer,Beauty & Personal Care,Face Cleanser,2024-09-12,3,353.4,901.17,UPI,Mobile App,Standard,Silver,0.15,9,2024-12-18,False,2024,9,September,Q3,37,Thursday,False,Autumn,False,Autumn,55+,159.03,123.69,530.1,58.82
C0093,Aarav Singh,22,Male,Bhubaneswar,East,Architect,Beauty & Personal Care,Herbal Shampoo,2024-07-06,1,481.71,481.71,Net Banking,Online,Standard,Platinum,0.0,5,2024-09-05,False,2024,7,July,Q3,27,Saturday,True,Summer,False,Summer,18-24,0.0,168.6,313.11,65.0
C0039,Sneha Deshmukh,71,Female,Bhubaneswar,East,Data Analyst,Beauty & Personal Care,Moisturizing Cream,2024-01-08,1,939.25,939.25,UPI,Online,Standard,Silver,0.0,13,2024-12-26,False,2024,1,January,Q1,2,Monday,False,Winter,False,Winter,55+,0.0,328.74,610.51,65.0
C0003,Nikhil Verma,47,Male,Pune,West,Software Engineer,Clothing,Athletic Shorts,2024-11-20,1,861.58,861.58,Credit Card,Online,Standard,Silver,0.0,5,2024-11-20,False,2024,11,November,Q4,47,Wednesday,False,Autumn,True,Festive Peak (Q4),45-54,0.0,387.71,473.87,55.0
C0040,Aarav Chopra,22,Male,Jaipur,North,Product Manager,Books,Data Analytics Handbook,2024-04-11,4,704.14,2394.08,Credit Card,Online,Standard,Gold,0.15,36,2024-12-27,False,2024,4,April,Q2,15,Thursday,False,Spring,False,Spring,18-24,422.48,281.66,1267.44,52.94
C0145,Meera Iyer,35,Male,Jaipur,North,Data Analyst,Sports & Fitness,Water Bottle 1L,2024-09-13,1,426.6,405.27,Credit Card,Mobile App,Standard,Silver,0.05,13,2024-12-16,False,2024,9,September,Q3,37,Friday,False,Autumn,False,Autumn,35-44,21.33,213.3,191.97,47.37
C0124,Arjun Joshi,21,Male,Kolkata,East,Architect,Home & Kitchen,Stainless Steel Knife Set,2024-09-17,2,1242.3,2484.6,UPI,Online,Standard,Regular,0.0,2,2024-09-17,False,2024,9,September,Q3,38,Tuesday,False,Autumn,False,Autumn,18-24,0.0,745.38,993.84,40.0
C0143,Karan Sharma,71,Female,Hyderabad,South,Software Engineer,Beauty & Personal Care,Perfume Spray,2024-10-05,2,1910.38,3629.72,UPI,In-Store,Standard,Silver,0.05,10,2024-12-19,True,2024,10,October,Q4,40,Saturday,True,Autumn,True,Festive Peak (Q4),55+,191.04,668.63,2292.46,63.16
C0080,Vikram Patel,36,Other,Noida,North,Architect,Sports & Fitness,Yoga Mat,2024-01-20,2,1058.3,2116.6,Credit Card,Online,Standard,Silver,0.0,16,2024-12-24,False,2024,1,January,Q1,3,Saturday,True,Winter,False,Winter,35-44,0.0,529.15,1058.3,50.0
C0023,Vikram Sharma,59,Male,Bhubaneswar,East,Teacher,Sports & Fitness,Running Shoes,2024-02-19,1,4672.65,4439.02,UPI,Online,Standard,Silver,0.05,4,2024-06-30,False,2024,2,February,Q1,8,Monday,False,Winter,False,Winter,55+,233.63,2336.32,2102.7,47.37
C0094,Siddharth Kumar,38,Female,Bhubaneswar,East,Marketing Specialist,Electronics,Smartwatch,2024-06-03,1,2912.88,2767.24,UPI,Online,Standard,Regular,0.05,16,2024-12-05,False,2024,6,June,Q2,23,Monday,False,Summer,False,Summer,35-44,145.64,2039.02,728.22,26.32
C0078,Karan Kumar,20,Female,Chennai,South,Accountant,Beauty & Personal Care,Herbal Shampoo,2024-08-03,2,406.57,813.14,UPI,In-Store,Standard,Silver,0.0,11,2024-10-05,False,2024,8,August,Q3,31,Saturday,True,Summer,False,Summer,18-24,0.0,142.3,528.54,65.0
C0130,Riya Singh,48,Male,Hyderabad,South,Product Manager,Sports & Fitness,Running Shoes,2024-11-27,1,3370.09,3370.09,Cash on Delivery,Online,Standard,Silver,0.0,20,2024-12-21,False,2024,11,November,Q4,48,Wednesday,False,Autumn,True,Festive Peak (Q4),45-54,0.0,1685.04,1685.05,50.0
C0021,Manish Chopra,56,Female,Delhi,North,Architect,Sports & Fitness,Running Shoes,2024-05-20,2,4793.96,9587.92,Net Banking,Online,Standard,Platinum,0.0,4,2024-11-29,True,2024,5,May,Q2,21,Monday,False,Spring,False,Spring,55+,0.0,2396.98,4793.96,50.0
C0080,Vikram Patel,36,Other,Noida,North,Architect,Clothing,Athletic Shorts,2024-05-28,2,1153.18,2191.04,Credit Card,Online,Standard,Silver,0.05,16,2024-12-24,False,2024,5,May,Q2,22,Tuesday,False,Spring,False,Spring,35-44,115.32,518.93,1153.18,52.63
C0028,Shreya Joshi,55,Male,Mumbai,West,Data Analyst,Beauty & Personal Care,Face Cleanser,2024-09-07,2,275.8,496.44,Credit Card,Online,Standard,Platinum,0.1,14,2024-12-30,False,2024,9,September,Q3,36,Saturday,True,Autumn,False,Autumn,55+,55.16,96.53,303.38,61.11
C0055,Nikhil Sharma,56,Female,Pune,West,Teacher,Books,Atomic Habits,2024-08-12,2,567.2,1020.96,UPI,Online,Standard,Regular,0.1,17,2024-11-02,False,2024,8,August,Q3,33,Monday,False,Summer,False,Summer,55+,113.44,226.88,567.2,55.56
C0119,Shreya Nair,40,Female,Noida,North,Entrepreneur,Home & Kitchen,Electric Blender,2024-04-04,1,1691.26,1691.26,Cash on Delivery,Mobile App,Standard,Regular,0.0,36,2024-12-31,False,2024,4,April,Q2,14,Thursday,False,Spring,False,Spring,35-44,0.0,1014.76,676.5,40.0
C0079,Shreya Sharma,23,Female,Pune,West,Teacher,Electronics,Power Bank,2024-09-16,2,1627.64,2929.75,Net Banking,Mobile App,Standard,Regular,0.1,18,2024-12-01,False,2024,9,September,Q3,38,Monday,False,Autumn,False,Autumn,18-24,325.53,1139.35,651.05,22.22
C0061,Tanvi Iyer,67,Female,Delhi,North,Software Engineer,Beauty & Personal Care,Perfume Spray,2024-03-27,1,1522.09,1445.99,UPI,Online,Standard,Regular,0.05,13,2024-12-08,False,2024,3,March,Q1,13,Wednesday,False,Spring,False,Spring,55+,76.1,532.73,913.26,63.16
C0063,Varun Chopra,68,Female,Bangalore,South,Software Engineer,Beauty & Personal Care,Perfume Spray,2024-11-10,1,2036.18,1730.75,Cash on Delivery,In-Store,Standard,Regular,0.15,5,2024-11-10,False,2024,11,November,Q4,45,Sunday,True,Autumn,True,Festive Peak (Q4),55+,305.43,712.66,1018.09,58.82
C0078,Karan Kumar,20,Female,Chennai,South,Accountant,Books,Business Strategy Guide,2024-03-01,3,459.76,1379.28,Credit Card,Online,Standard,Silver,0.0,11,2024-10-05,False,2024,3,March,Q1,9,Friday,False,Spring,False,Spring,18-24,0.0,183.9,827.58,60.0
C0123,Ananya Joshi,54,Male,Jaipur,North,Doctor,Home & Kitchen,Ceramic Mug Set,2024-09-06,1,791.8,712.62,UPI,Mobile App,Standard,Gold,0.1,26,2024-12-26,False,2024,9,September,Q3,36,Friday,False,Autumn,False,Autumn,45-54,79.18,475.08,237.54,33.33
C0132,Arjun Patel,43,Male,Pune,West,Product Manager,Beauty & Personal Care,Face Cleanser,2024-01-11,1,340.97,306.87,Net Banking,Online,Standard,Gold,0.1,21,2024-12-03,False,2024,1,January,Q1,2,Thursday,False,Winter,False,Winter,35-44,34.1,119.34,187.53,61.11
C0140,Sneha Verma,44,Female,Delhi,North,Student,Clothing,Formal Shirt,2024-01-22,1,1501.07,1275.91,UPI,In-Store,Standard,Gold,0.15,3,2024-07-24,False,2024,1,January,Q1,4,Monday,False,Winter,False,Winter,35-44,225.16,675.48,600.43,47.06
C0123,Ananya Joshi,54,Male,Jaipur,North,Doctor,Sports & Fitness,Water Bottle 1L,2024-12-08,1,578.44,578.44,UPI,Online,Standard,Gold,0.0,26,2024-12-26,False,2024,12,December,Q4,49,Sunday,True,Winter,True,Festive Peak (Q4),45-54,0.0,289.22,289.22,50.0
C0051,Varun Das,47,Female,Bangalore,South,Financial Analyst,Clothing,Athletic Shorts,2024-01-15,1,649.98,584.98,UPI,Online,Standard,Regular,0.1,15,2024-12-16,False,2024,1,January,Q1,3,Monday,False,Winter,False,Winter,45-54,65.0,292.49,292.49,50.0
C0113,Nikhil Singh,47,Male,Hyderabad,South,Consultant,Sports & Fitness,Yoga Mat,2024-12-28,2,1132.72,2152.17,Credit Card,Online,Standard,Regular,0.05,8,2024-12-28,False,2024,12,December,Q4,52,Saturday,True,Winter,True,Festive Peak (Q4),45-54,113.27,566.36,1019.45,47.37
C0074,Ananya Nair,67,Female,Noida,North,Doctor,Sports & Fitness,Water Bottle 1L,2024-03-17,2,384.12,691.42,Debit Card,In-Store,Standard,Silver,0.1,11,2024-12-18,False,2024,3,March,Q1,11,Sunday,True,Spring,False,Spring,55+,76.82,192.06,307.3,44.44
C0040,Aarav Chopra,22,Male,Jaipur,North,Product Manager,Clothing,Casual Jacket,2024-06-20,1,3835.71,3452.14,Credit Card,In-Store,Standard,Gold,0.1,36,2024-12-27,False,2024,6,June,Q2,25,Thursday,False,Summer,False,Summer,18-24,383.57,1726.07,1726.07,50.0
C0130,Riya Singh,48,Male,Hyderabad,South,Product Manager,Sports & Fitness,Water Bottle 1L,2024-06-12,1,538.28,511.37,Credit Card,Online,Standard,Silver,0.05,20,2024-12-21,False,2024,6,June,Q2,24,Wednesday,False,Summer,False,Summer,45-54,26.91,269.14,242.23,47.37
C0011,Ananya Mehta,35,Female,Hyderabad,South,Designer,Clothing,Formal Shirt,2024-01-17,1,1842.38,1658.14,UPI,Online,Standard,Regular,0.1,6,2024-11-11,False,2024,1,January,Q1,3,Wednesday,False,Winter,False,Winter,35-44,184.24,829.07,829.07,50.0
C0133,Priya Iyer,63,Female,Kolkata,East,Entrepreneur,Electronics,Wireless Headphones,2024-05-07,1,1751.69,1751.69,UPI,In-Store,Standard,Gold,0.0,3,2024-11-05,False,2024,5,May,Q2,19,Tuesday,False,Spring,False,Spring,55+,0.0,1226.18,525.51,30.0
C0079,Shreya Sharma,23,Female,Pune,West,Teacher,Home & Kitchen,Non-Stick Frying Pan,2024-08-06,1,935.43,935.43,UPI,Mobile App,Standard,Regular,0.0,18,2024-12-01,False,2024,8,August,Q3,32,Tuesday,False,Summer,False,Summer,18-24,0.0,561.26,374.17,40.0
C0106,Manish Bose,62,Male,Bhubaneswar,East,Financial Analyst,Sports & Fitness,Adjustable Dumbbells,2024-11-12,1,2344.53,2227.3,UPI,In-Store,Standard,Gold,0.05,31,2024-12-30,False,2024,11,November,Q4,46,Tuesday,False,Autumn,True,Festive Peak (Q4),55+,117.23,1172.27,1055.03,47.37
C0110,Rohan Reddy,35,Male,Ahmedabad,West,Data Analyst,Sports & Fitness,Water Bottle 1L,2024-10-04,1,405.86,405.86,Debit Card,Online,Standard,Platinum,0.0,24,2024-12-16,False,2024,10,October,Q4,40,Friday,False,Autumn,True,Festive Peak (Q4),35-44,0.0,202.93,202.93,50.0
C0132,Arjun Patel,43,Male,Pune,West,Product Manager,Sports & Fitness,Water Bottle 1L,2024-07-01,1,776.56,660.08,Cash on Delivery,Online,Standard,Gold,0.15,21,2024-12-03,False,2024,7,July,Q3,27,Monday,False,Summer,False,Summer,35-44,116.48,388.28,271.8,41.18
C0106,Manish Bose,62,Male,Bhubaneswar,East,Financial Analyst,Sports & Fitness,Adjustable Dumbbells,2024-04-08,2,4324.9,8649.8,Debit Card,Online,Standard,Gold,0.0,31,2024-12-30,False,2024,4,April,Q2,15,Monday,False,Spring,False,Spring,55+,0.0,2162.45,4324.9,50.0
C0104,Shreya Bose,65,Male,Kolkata,East,Product Manager,Books,Business Strategy Guide,2024-10-16,4,588.06,2352.24,UPI,In-Store,Standard,Regular,0.0,22,2024-12-24,False,2024,10,October,Q4,42,Wednesday,False,Autumn,True,Festive Peak (Q4),55+,0.0,235.22,1411.36,60.0
C0014,Vikram Nair,58,Female,Chennai,South,Financial Analyst,Clothing,Formal Shirt,2024-08-12,2,1892.27,3784.54,Debit Card,Online,Standard,Silver,0.0,19,2024-12-21,False,2024,8,August,Q3,33,Monday,False,Summer,False,Summer,55+,0.0,851.52,2081.5,55.0
C0089,Sneha Chopra,22,Other,Ahmedabad,West,Marketing Specialist,Sports & Fitness,Running Shoes,2024-08-30,3,4187.59,10678.35,UPI,Online,Standard,Platinum,0.15,14,2024-11-14,True,2024,8,August,Q3,35,Friday,False,Summer,False,Summer,18-24,1884.42,2093.8,4396.95,41.18
C0028,Shreya Joshi,55,Male,Mumbai,West,Data Analyst,Sports & Fitness,Yoga Mat,2024-05-29,3,1005.98,2565.25,Debit Card,Online,Standard,Platinum,0.15,14,2024-12-30,False,2024,5,May,Q2,22,Wednesday,False,Spring,False,Spring,55+,452.69,502.99,1056.28,41.18
C0119,Shreya Nair,40,Female,Noida,North,Entrepreneur,Clothing,Slim Fit Jeans,2024-04-30,2,2874.95,5462.4,Credit Card,Online,Standard,Regular,0.05,36,2024-12-31,False,2024,4,April,Q2,18,Tuesday,False,Spring,False,Spring,35-44,287.5,1293.73,2874.94,52.63
C0088,Ravi Deshmukh,51,Male,Delhi,North,Doctor,Home & Kitchen,Coffee Maker,2024-05-15,2,3484.5,6620.55,UPI,Online,Standard,Gold,0.05,4,2024-10-12,False,2024,5,May,Q2,20,Wednesday,False,Spring,False,Spring,45-54,348.45,2090.7,2439.15,36.84
C0112,Aditi Joshi,62,Male,Chennai,South,Software Engineer,Sports & Fitness,Yoga Mat,2024-11-12,2,1403.7,2667.03,UPI,In-Store,Standard,Gold,0.05,13,2024-12-28,False,2024,11,November,Q4,46,Tuesday,False,Autumn,True,Festive Peak (Q4),55+,140.37,701.85,1263.33,47.37
C0012,Varun Reddy,32,Male,Chennai,South,Consultant,Books,Python Programming,2024-07-01,2,688.75,1239.75,Credit Card,Online,Standard,Silver,0.1,7,2024-10-18,False,2024,7,July,Q3,27,Monday,False,Summer,False,Summer,25-34,137.75,275.5,688.75,55.56
C0018,Pooja Bose,40,Female,Bhubaneswar,East,Entrepreneur,Clothing,Slim Fit Jeans,2024-04-04,1,2930.95,2637.86,Credit Card,Online,Standard,Silver,0.1,10,2024-11-27,False,2024,4,April,Q2,14,Thursday,False,Spring,False,Spring,35-44,293.09,1318.93,1318.93,50.0
C0117,Pooja Gupta,50,Female,Delhi,North,Designer,Beauty & Personal Care,Sunscreen SPF 50,2024-11-26,1,537.61,537.61,UPI,Online,Standard,Regular,0.0,6,2024-11-26,False,2024,11,November,Q4,48,Tuesday,False,Autumn,True,Festive Peak (Q4),45-54,0.0,188.16,349.45,65.0
C0014,Vikram Nair,58,Female,Chennai,South,Financial Analyst,Clothing,Cotton T-Shirt,2024-09-29,4,486.58,1946.32,Net Banking,Online,Standard,Silver,0.0,19,2024-12-21,False,2024,9,September,Q3,39,Sunday,True,Autumn,False,Autumn,55+,0.0,218.96,1070.48,55.0
C0014,Vikram Nair,58,Female,Chennai,South,Financial Analyst,Electronics,USB-C Hub,2024-01-28,1,857.06,728.5,Credit Card,Online,Standard,Silver,0.15,19,2024-12-21,False,2024,1,January,Q1,4,Sunday,True,Winter,False,Winter,55+,128.56,599.94,128.56,17.65
C0003,Nikhil Verma,47,Male,Pune,West,Software Engineer,Home & Kitchen,Ceramic Mug Set,2024-04-27,1,403.46,383.29,Credit Card,Mobile App,Standard,Silver,0.05,5,2024-11-20,False,2024,4,April,Q2,17,Saturday,True,Spring,False,Spring,45-54,20.17,242.08,141.21,36.84
C0141,Arjun Singh,24,Male,Pune,West,Financial Analyst,Sports & Fitness,Running Shoes,2024-09-16,5,3087.91,13123.62,Net Banking,In-Store,Standard,Silver,0.15,2,2024-09-16,True,2024,9,September,Q3,38,Monday,False,Autumn,False,Autumn,18-24,2315.93,1543.96,5403.82,41.18
C0119,Shreya Nair,40,Female,Noida,North,Entrepreneur,Home & Kitchen,Stainless Steel Knife Set,2024-03-14,1,1245.33,1183.06,Credit Card,Online,Standard,Regular,0.05,36,2024-12-31,False,2024,3,March,Q1,11,Thursday,False,Spring,False,Spring,35-44,62.27,747.2,435.86,36.84
C0057,Vikram Mukherjee,47,Female,Mumbai,West,Doctor,Home & Kitchen,Coffee Maker,2024-10-01,1,2005.43,1804.89,Credit Card,In-Store,Standard,Silver,0.1,11,2024-12-15,False,2024,10,October,Q4,40,Tuesday,False,Autumn,True,Festive Peak (Q4),45-54,200.54,1203.26,601.63,33.33
C0050,Amit Chopra,50,Female,Pune,West,Consultant,Home & Kitchen,Non-Stick Frying Pan,2024-12-04,1,828.15,786.74,Credit Card,Online,Standard,Gold,0.05,8,2024-12-04,False,2024,12,December,Q4,49,Wednesday,False,Winter,True,Festive Peak (Q4),45-54,41.41,496.89,289.85,36.84
C0056,Rohan Chopra,33,Male,Ahmedabad,West,Architect,Beauty & Personal Care,Moisturizing Cream,2024-09-24,3,524.83,1495.77,UPI,Online,Standard,Silver,0.05,15,2024-12-20,False,2024,9,September,Q3,39,Tuesday,False,Autumn,False,Autumn,25-34,78.72,183.69,944.7,63.16
C0122,Amit Reddy,29,Male,Delhi,North,Financial Analyst,Home & Kitchen,Non-Stick Frying Pan,2024-04-16,1,1708.96,1708.96,UPI,Online,Standard,Regular,0.0,13,2024-12-21,False,2024,4,April,Q2,16,Tuesday,False,Spring,False,Spring,25-34,0.0,1025.38,683.58,40.0
C0110,Rohan Reddy,35,Male,Ahmedabad,West,Data Analyst,Beauty & Personal Care,Sunscreen SPF 50,2024-05-25,2,902.07,1623.73,UPI,Online,Standard,Platinum,0.1,24,2024-12-16,False,2024,5,May,Q2,21,Saturday,True,Spring,False,Spring,35-44,180.41,315.72,992.29,61.11
C0030,Pooja Gupta,20,Female,Mumbai,West,Consultant,Books,Python Programming,2024-04-29,1,799.56,719.6,Credit Card,Mobile App,Standard,Gold,0.1,20,2024-12-13,False,2024,4,April,Q2,18,Monday,False,Spring,False,Spring,18-24,79.96,319.82,399.78,55.56
C0021,Manish Chopra,56,Female,Delhi,North,Architect,Clothing,Slim Fit Jeans,2024-11-29,1,1757.58,1581.82,UPI,Online,Standard,Platinum,0.1,4,2024-11-29,False,2024,11,November,Q4,48,Friday,False,Autumn,True,Festive Peak (Q4),55+,175.76,790.91,790.91,50.0
C0110,Rohan Reddy,35,Male,Ahmedabad,West,Data Analyst,Beauty & Personal Care,Face Cleanser,2024-02-17,3,455.35,1161.14,Credit Card,In-Store,Standard,Platinum,0.15,24,2024-12-16,False,2024,2,February,Q1,7,Saturday,True,Winter,False,Winter,35-44,204.91,159.37,683.03,58.82
C0120,Tanvi Sharma,26,Female,Bhubaneswar,East,Financial Analyst,Clothing,Formal Shirt,2024-10-03,4,1933.78,7348.36,Credit Card,Online,Standard,Platinum,0.05,26,2024-12-25,False,2024,10,October,Q4,40,Thursday,False,Autumn,True,Festive Peak (Q4),25-34,386.76,870.2,3867.56,52.63
C0045,Priya Verma,34,Female,Chennai,South,Student,Home & Kitchen,Stainless Steel Knife Set,2024-01-27,1,718.19,682.28,UPI,Online,Standard,Regular,0.05,19,2024-12-20,False,2024,1,January,Q1,4,Saturday,True,Winter,False,Winter,25-34,35.91,430.91,251.37,36.84
C0005,Meera Mukherjee,61,Female,Chennai,South,Marketing Specialist,Beauty & Personal Care,Moisturizing Cream,2024-05-04,1,588.35,588.35,Credit Card,Online,Standard,Regular,0.0,19,2024-12-18,False,2024,5,May,Q2,18,Saturday,True,Spring,False,Spring,55+,0.0,205.92,382.43,65.0
C0018,Pooja Bose,40,Female,Bhubaneswar,East,Entrepreneur,Electronics,Bluetooth Speaker,2024-09-28,1,2018.45,1816.6,UPI,Mobile App,Standard,Silver,0.1,10,2024-11-27,False,2024,9,September,Q3,39,Saturday,True,Autumn,False,Autumn,35-44,201.85,1412.92,403.68,22.22
C0144,Varun Bose,36,Male,Delhi,North,Entrepreneur,Books,Psychology of Money,2024-04-20,1,422.81,359.39,Credit Card,Online,Standard,Silver,0.15,5,2024-12-06,False,2024,4,April,Q2,16,Saturday,True,Spring,False,Spring,35-44,63.42,169.12,190.27,52.94
C0049,Riya Nair,39,Male,Kolkata,East,Teacher,Sports & Fitness,Running Shoes,2024-03-10,1,4527.34,4300.97,Credit Card,In-Store,Standard,Silver,0.05,5,2024-09-05,False,2024,3,March,Q1,10,Sunday,True,Spring,False,Spring,35-44,226.37,2263.67,2037.3,47.37
C0120,Tanvi Sharma,26,Female,Bhubaneswar,East,Financial Analyst,Home & Kitchen,Electric Blender,2024-02-26,2,1926.97,3275.85,UPI,Online,Standard,Platinum,0.15,26,2024-12-25,False,2024,2,February,Q1,9,Monday,False,Winter,False,Winter,25-34,578.09,1156.18,963.49,29.41
C0106,Manish Bose,62,Male,Bhubaneswar,East,Financial Analyst,Electronics,Smartwatch,2024-12-29,2,2653.8,4511.46,UPI,Online,Standard,Gold,0.15,31,2024-12-30,False,2024,12,December,Q4,52,Sunday,True,Winter,True,Festive Peak (Q4),55+,796.14,1857.66,796.14,17.65
C0061,Tanvi Iyer,67,Female,Delhi,North,Software Engineer,Electronics,USB-C Hub,2024-03-06,1,774.59,735.86,Credit Card,In-Store,Standard,Regular,0.05,13,2024-12-08,False,2024,3,March,Q1,10,Wednesday,False,Spring,False,Spring,55+,38.73,542.21,193.65,26.32
C0036,Divya Das,19,Female,Chennai,South,Product Manager,Clothing,Athletic Shorts,2024-04-19,1,1044.59,992.36,UPI,Online,Standard,Regular,0.05,5,2024-09-20,False,2024,4,April,Q2,16,Friday,False,Spring,False,Spring,18-24,52.23,470.07,522.29,52.63
C0025,Rahul Verma,66,Male,Hyderabad,South,Software Engineer,Electronics,Smartwatch,2024-05-17,3,2472.83,6305.72,Cash on Delivery,Online,Standard,Silver,0.15,27,2024-12-24,False,2024,5,May,Q2,20,Friday,False,Spring,False,Spring,55+,1112.77,1730.98,1112.78,17.65
C0104,Shreya Bose,65,Male,Kolkata,East,Product Manager,Home & Kitchen,Coffee Maker,2024-05-30,1,3863.46,3863.46,UPI,Online,Standard,Regular,0.0,22,2024-12-24,False,2024,5,May,Q2,22,Thursday,False,Spring,False,Spring,55+,0.0,2318.08,1545.38,40.0
C0122,Amit Reddy,29,Male,Delhi,North,Financial Analyst,Electronics,Smartwatch,2024-12-21,1,2273.05,2273.05,UPI,In-Store,Standard,Regular,0.0,13,2024-12-21,False,2024,12,December,Q4,51,Saturday,True,Winter,True,Festive Peak (Q4),25-34,0.0,1591.14,681.91,30.0
C0109,Riya Nair,42,Female,Mumbai,West,Architect,Electronics,Wireless Headphones,2024-03-01,1,1831.18,1831.18,Net Banking,Online,Standard,Regular,0.0,3,2024-11-18,False,2024,3,March,Q1,9,Friday,False,Spring,False,Spring,35-44,0.0,1281.83,549.35,30.0
C0092,Aditi Chopra,51,Male,Jaipur,North,Student,Clothing,Cotton T-Shirt,2024-07-31,1,1187.35,949.88,Net Banking,In-Store,Standard,Silver,0.2,9,2024-09-23,False,2024,7,July,Q3,31,Wednesday,False,Summer,False,Summer,45-54,237.47,534.31,415.57,43.75
C0012,Varun Reddy,32,Male,Chennai,South,Consultant,Home & Kitchen,Coffee Maker,2024-07-12,5,3586.46,17932.3,UPI,In-Store,Standard,Silver,0.0,7,2024-10-18,True,2024,7,July,Q3,28,Friday,False,Summer,False,Summer,25-34,0.0,2151.88,7172.9,40.0
C0144,Varun Bose,36,Male,Delhi,North,Entrepreneur,Books,Business Strategy Guide,2024-01-13,1,807.11,645.69,Debit Card,Online,Standard,Silver,0.2,5,2024-12-06,False,2024,1,January,Q1,2,Saturday,True,Winter,False,Winter,35-44,161.42,322.84,322.85,50.0
C0123,Ananya Joshi,54,Male,Jaipur,North,Doctor,Beauty & Personal Care,Moisturizing Cream,2024-03-31,2,619.13,1238.26,UPI,Mobile App,Standard,Gold,0.0,26,2024-12-26,False,2024,3,March,Q1,13,Sunday,True,Spring,False,Spring,45-54,0.0,216.7,804.86,65.0
C0049,Riya Nair,39,Male,Kolkata,East,Teacher,Electronics,Wireless Headphones,2024-05-11,2,2525.14,5050.28,Cash on Delivery,Mobile App,Standard,Silver,0.0,5,2024-09-05,False,2024,5,May,Q2,19,Saturday,True,Spring,False,Spring,35-44,0.0,1767.6,1515.08,30.0
C0147,Priya Nair,63,Female,Delhi,North,Consultant,Beauty & Personal Care,Face Cleanser,2024-03-12,1,454.87,432.13,UPI,Online,Standard,Regular,0.05,2,2024-08-28,False,2024,3,March,Q1,11,Tuesday,False,Spring,False,Spring,55+,22.74,159.2,272.93,63.16
C0104,Shreya Bose,65,Male,Kolkata,East,Product Manager,Sports & Fitness,Resistance Bands Set,2024-05-31,1,454.49,409.04,UPI,Online,Standard,Regular,0.1,22,2024-12-24,False,2024,5,May,Q2,22,Friday,False,Spring,False,Spring,55+,45.45,227.24,181.8,44.45
C0119,Shreya Nair,40,Female,Noida,North,Entrepreneur,Books,Business Strategy Guide,2024-07-09,1,487.05,438.34,Cash on Delivery,Online,Standard,Regular,0.1,36,2024-12-31,False,2024,7,July,Q3,28,Tuesday,False,Summer,False,Summer,35-44,48.71,194.82,243.52,55.56
C0126,Siddharth Kumar,31,Male,Hyderabad,South,Marketing Specialist,Books,Business Strategy Guide,2024-06-19,2,469.7,939.4,Net Banking,Online,Standard,Silver,0.0,19,2024-12-24,False,2024,6,June,Q2,25,Wednesday,False,Summer,False,Summer,25-34,0.0,187.88,563.64,60.0
C0110,Rohan Reddy,35,Male,Ahmedabad,West,Data Analyst,Beauty & Personal Care,Sunscreen SPF 50,2024-04-25,1,867.5,867.5,Cash on Delivery,In-Store,Standard,Platinum,0.0,24,2024-12-16,False,2024,4,April,Q2,17,Thursday,False,Spring,False,Spring,35-44,0.0,303.62,563.88,65.0
C0025,Rahul Verma,66,Male,Hyderabad,South,Software Engineer,Sports & Fitness,Adjustable Dumbbells,2024-12-22,3,2882.05,8646.15,Cash on Delivery,Online,Standard,Silver,0.0,27,2024-12-24,False,2024,12,December,Q4,51,Sunday,True,Winter,True,Festive Peak (Q4),55+,0.0,1441.02,4323.09,50.0
C0056,Rohan Chopra,33,Male,Ahmedabad,West,Architect,Sports & Fitness,Resistance Bands Set,2024-03-18,1,557.99,502.19,UPI,Online,Standard,Silver,0.1,15,2024-12-20,False,2024,3,March,Q1,12,Monday,False,Spring,False,Spring,25-34,55.8,279.0,223.19,44.44
C0135,Meera Patel,54,Female,Kolkata,East,Software Engineer,Beauty & Personal Care,Perfume Spray,2024-03-26,1,1566.6,1566.6,UPI,In-Store,Standard,Platinum,0.0,11,2024-12-30,False,2024,3,March,Q1,13,Tuesday,False,Spring,False,Spring,45-54,0.0,548.31,1018.29,65.0
C0039,Sneha Deshmukh,71,Female,Bhubaneswar,East,Data Analyst,Home & Kitchen,Electric Blender,2024-12-18,4,2026.97,8107.88,Debit Card,Online,Standard,Silver,0.0,13,2024-12-26,True,2024,12,December,Q4,51,Wednesday,False,Winter,True,Festive Peak (Q4),55+,0.0,1216.18,3243.16,40.0
C0061,Tanvi Iyer,67,Female,Delhi,North,Software Engineer,Beauty & Personal Care,Moisturizing Cream,2024-08-23,1,764.42,764.42,Net Banking,Online,Standard,Regular,0.0,13,2024-12-08,False,2024,8,August,Q3,34,Friday,False,Summer,False,Summer,55+,0.0,267.55,496.87,65.0
C0074,Ananya Nair,67,Female,Noida,North,Doctor,Clothing,Cotton T-Shirt,2024-09-28,1,481.92,481.92,UPI,Online,Standard,Silver,0.0,11,2024-12-18,False,2024,9,September,Q3,39,Saturday,True,Autumn,False,Autumn,55+,0.0,216.86,265.06,55.0
C0074,Ananya Nair,67,Female,Noida,North,Doctor,Home & Kitchen,Electric Blender,2024-06-19,1,3119.95,3119.95,Net Banking,Online,Standard,Silver,0.0,11,2024-12-18,False,2024,6,June,Q2,25,Wednesday,False,Summer,False,Summer,55+,0.0,1871.97,1247.98,40.0
C0104,Shreya Bose,65,Male,Kolkata,East,Product Manager,Books,Python Programming,2024-06-16,2,745.59,1416.62,Debit Card,Online,Standard,Regular,0.05,22,2024-12-24,False,2024,6,June,Q2,24,Sunday,True,Summer,False,Summer,55+,74.56,298.24,820.14,57.89
C0137,Aarav Bose,38,Male,Mumbai,West,Teacher,Books,Business Strategy Guide,2024-03-16,1,482.2,482.2,UPI,Online,Standard,Regular,0.0,15,2024-12-26,False,2024,3,March,Q1,11,Saturday,True,Spring,False,Spring,35-44,0.0,192.88,289.32,60.0
C0040,Aarav Chopra,22,Male,Jaipur,North,Product Manager,Sports & Fitness,Yoga Mat,2024-05-01,3,1296.54,3695.14,Credit Card,Online,Standard,Gold,0.05,36,2024-12-27,False,2024,5,May,Q2,18,Wednesday,False,Spring,False,Spring,18-24,194.48,648.27,1750.33,47.37
C0025,Rahul Verma,66,Male,Hyderabad,South,Software Engineer,Home & Kitchen,Non-Stick Frying Pan,2024-08-10,3,1979.23,5343.92,Credit Card,Online,Standard,Silver,0.1,27,2024-12-24,False,2024,8,August,Q3,32,Saturday,True,Summer,False,Summer,55+,593.77,1187.54,1781.3,33.33
C0034,Rohan Gupta,47,Female,Hyderabad,South,Software Engineer,Electronics,USB-C Hub,2024-06-24,2,948.36,1612.21,Cash on Delivery,In-Store,Standard,Platinum,0.15,2,2024-06-24,False,2024,6,June,Q2,26,Monday,False,Summer,False,Summer,45-54,284.51,663.85,284.51,17.65
C0132,Arjun Patel,43,Male,Pune,West,Product Manager,Clothing,Slim Fit Jeans,2024-09-15,1,2396.65,2396.65,Net Banking,In-Store,Standard,Gold,0.0,21,2024-12-03,False,2024,9,September,Q3,37,Sunday,True,Autumn,False,Autumn,35-44,0.0,1078.49,1318.16,55.0
C0109,Riya Nair,42,Female,Mumbai,West,Architect,Electronics,Smartwatch,2024-02-04,1,2742.11,2742.11,UPI,Online,Standard,Regular,0.0,3,2024-11-18,False,2024,2,February,Q1,5,Sunday,True,Winter,False,Winter,35-44,0.0,1919.48,822.63,30.0
C0047,Rahul Reddy,62,Male,Hyderabad,South,Sales Executive,Beauty & Personal Care,Sunscreen SPF 50,2024-09-08,4,904.42,3617.68,UPI,Online,Standard,Regular,0.0,5,2024-12-17,True,2024,9,September,Q3,36,Sunday,True,Autumn,False,Autumn,55+,0.0,316.55,2351.48,65.0
C0126,Siddharth Kumar,31,Male,Hyderabad,South,Marketing Specialist,Beauty & Personal Care,Herbal Shampoo,2024-02-13,2,461.62,923.24,Debit Card,Online,Standard,Silver,0.0,19,2024-12-24,False,2024,2,February,Q1,7,Tuesday,False,Winter,False,Winter,25-34,0.0,161.57,600.1,65.0
C0131,Ananya Mehta,64,Male,Noida,North,Student,Sports & Fitness,Resistance Bands Set,2024-05-09,1,671.57,671.57,Credit Card,Online,Standard,Platinum,0.0,43,2024-12-29,False,2024,5,May,Q2,19,Thursday,False,Spring,False,Spring,55+,0.0,335.78,335.79,50.0
C0130,Riya Singh,48,Male,Hyderabad,South,Product Manager,Sports & Fitness,Yoga Mat,2024-01-03,3,667.2,2001.6,UPI,Online,Standard,Silver,0.0,20,2024-12-21,False,2024,1,January,Q1,1,Wednesday,False,Winter,False,Winter,45-54,0.0,333.6,1000.8,50.0
C0134,Divya Reddy,64,Female,Bhubaneswar,East,Accountant,Clothing,Cotton T-Shirt,2024-11-29,2,487.52,975.04,UPI,In-Store,Standard,Gold,0.0,11,2024-11-29,False,2024,11,November,Q4,48,Friday,False,Autumn,True,Festive Peak (Q4),55+,0.0,219.38,536.28,55.0
C0040,Aarav Chopra,22,Male,Jaipur,North,Product Manager,Home & Kitchen,Coffee Maker,2024-02-21,37,3500.0,129500.0,Credit Card,Mobile App,Standard,Gold,0.0,36,2024-12-27,True,2024,2,February,Q1,8,Wednesday,False,Winter,False,Winter,18-24,0.0,2100.0,51800.0,40.0
C0120,Tanvi Sharma,26,Female,Bhubaneswar,East,Financial Analyst,Beauty & Personal Care,Moisturizing Cream,2024-03-26,1,869.04,869.04,UPI,Online,Standard,Platinum,0.0,26,2024-12-25,False,2024,3,March,Q1,13,Tuesday,False,Spring,False,Spring,25-34,0.0,304.16,564.88,65.0
C0079,Shreya Sharma,23,Female,Pune,West,Teacher,Sports & Fitness,Running Shoes,2024-10-26,1,4568.63,4111.77,Debit Card,In-Store,Standard,Regular,0.1,18,2024-12-01,False,2024,10,October,Q4,43,Saturday,True,Autumn,True,Festive Peak (Q4),18-24,456.86,2284.32,1827.45,44.44
C0130,Riya Singh,48,Male,Hyderabad,South,Product Manager,Books,Atomic Habits,2024-09-18,3,786.47,2359.41,UPI,In-Store,Standard,Silver,0.0,20,2024-12-21,False,2024,9,September,Q3,38,Wednesday,False,Autumn,False,Autumn,45-54,0.0,314.59,1415.64,60.0
C0119,Shreya Nair,40,Female,Noida,North,Entrepreneur,Books,Atomic Habits,2024-11-24,2,698.5,1257.3,UPI,Online,Standard,Regular,0.1,36,2024-12-31,False,2024,11,November,Q4,47,Sunday,True,Autumn,True,Festive Peak (Q4),35-44,139.7,279.4,698.5,55.56
C0122,Amit Reddy,29,Male,Delhi,North,Financial Analyst,Beauty & Personal Care,Moisturizing Cream,2024-11-29,2,849.09,1698.18,Net Banking,In-Store,Standard,Regular,0.0,13,2024-12-21,False,2024,11,November,Q4,48,Friday,False,Autumn,True,Festive Peak (Q4),25-34,0.0,297.18,1103.82,65.0
C0030,Pooja Gupta,20,Female,Mumbai,West,Consultant,Electronics,Power Bank,2024-08-01,2,1588.48,3176.96,Cash on Delivery,Online,Standard,Gold,0.0,20,2024-12-13,False,2024,8,August,Q3,31,Thursday,False,Summer,False,Summer,18-24,0.0,1111.94,953.08,30.0
C0094,Siddharth Kumar,38,Female,Bhubaneswar,East,Marketing Specialist,Clothing,Cotton T-Shirt,2024-05-26,1,671.04,637.49,UPI,Online,Standard,Regular,0.05,16,2024-12-05,False,2024,5,May,Q2,21,Sunday,True,Spring,False,Spring,35-44,33.55,301.97,335.52,52.63
C0148,Divya Kumar,25,Male,Bangalore,South,Marketing Specialist,Beauty & Personal Care,Herbal Shampoo,2024-04-18,3,347.95,1043.85,Debit Card,In-Store,Standard,Silver,0.0,9,2024-12-20,False,2024,4,April,Q2,16,Thursday,False,Spring,False,Spring,25-34,0.0,121.78,678.51,65.0
C0137,Aarav Bose,38,Male,Mumbai,West,Teacher,Electronics,Wireless Headphones,2024-02-01,2,1736.45,3299.26,Credit Card,Mobile App,Standard,Regular,0.05,15,2024-12-26,False,2024,2,February,Q1,5,Thursday,False,Winter,False,Winter,35-44,173.64,1215.51,868.24,26.32
C0012,Varun Reddy,32,Male,Chennai,South,Consultant,Electronics,USB-C Hub,2024-08-09,4,973.26,3503.74,UPI,Online,Standard,Silver,0.1,7,2024-10-18,False,2024,8,August,Q3,32,Friday,False,Summer,False,Summer,25-34,389.3,681.28,778.62,22.22
C0030,Pooja Gupta,20,Female,Mumbai,West,Consultant,Home & Kitchen,Electric Blender,2024-05-21,1,2509.38,2509.38,UPI,Mobile App,Standard,Gold,0.0,20,2024-12-13,False,2024,5,May,Q2,21,Tuesday,False,Spring,False,Spring,18-24,0.0,1505.63,1003.75,40.0
C0025,Rahul Verma,66,Male,Hyderabad,South,Software Engineer,Beauty & Personal Care,Moisturizing Cream,2024-05-04,1,626.23,626.23,Credit Card,Mobile App,Standard,Silver,0.0,27,2024-12-24,False,2024,5,May,Q2,18,Saturday,True,Spring,False,Spring,55+,0.0,219.18,407.05,65.0
C0119,Shreya Nair,40,Female,Noida,North,Entrepreneur,Sports & Fitness,Water Bottle 1L,2024-08-27,2,741.08,1482.16,Debit Card,In-Store,Standard,Regular,0.0,36,2024-12-31,False,2024,8,August,Q3,35,Tuesday,False,Summer,False,Summer,35-44,0.0,370.54,741.08,50.0
C0126,Siddharth Kumar,31,Male,Hyderabad,South,Marketing Specialist,Books,Atomic Habits,2024-03-26,1,420.01,378.01,Debit Card,Online,Standard,Silver,0.1,19,2024-12-24,False,2024,3,March,Q1,13,Tuesday,False,Spring,False,Spring,25-34,42.0,168.0,210.01,55.56
C0039,Sneha Deshmukh,71,Female,Bhubaneswar,East,Data Analyst,Clothing,Athletic Shorts,2024-12-26,2,976.42,1659.91,Credit Card,In-Store,Standard,Silver,0.15,13,2024-12-26,False,2024,12,December,Q4,52,Thursday,False,Winter,True,Festive Peak (Q4),55+,292.93,439.39,781.13,47.06
C0087,Divya Das,28,Female,Chennai,South,Teacher,Books,Business Strategy Guide,2024-05-28,2,477.87,812.38,UPI,Online,Standard,Regular,0.15,7,2024-11-22,False,2024,5,May,Q2,22,Tuesday,False,Spring,False,Spring,25-34,143.36,191.15,430.08,52.94
C0130,Riya Singh,48,Male,Hyderabad,South,Product Manager,Sports & Fitness,Yoga Mat,2024-04-12,4,1069.44,3636.1,UPI,Mobile App,Standard,Silver,0.15,20,2024-12-21,False,2024,4,April,Q2,15,Friday,False,Spring,False,Spring,45-54,641.66,534.72,1497.22,41.18
C0119,Shreya Nair,40,Female,Noida,North,Entrepreneur,Home & Kitchen,Stainless Steel Knife Set,2024-07-12,2,846.33,1608.03,Credit Card,In-Store,Standard,Regular,0.05,36,2024-12-31,False,2024,7,July,Q3,28,Friday,False,Summer,False,Summer,35-44,84.63,507.8,592.43,36.84
C0094,Siddharth Kumar,38,Female,Bhubaneswar,East,Marketing Specialist,Clothing,Cotton T-Shirt,2024-10-22,2,1057.82,1692.51,UPI,Online,Standard,Regular,0.2,16,2024-12-05,False,2024,10,October,Q4,43,Tuesday,False,Autumn,True,Festive Peak (Q4),35-44,423.13,476.02,740.47,43.75
C0101,Divya Deshmukh,68,Male,Pune,West,Data Analyst,Sports & Fitness,Water Bottle 1L,2024-03-20,3,342.14,923.78,Credit Card,Online,Standard,Silver,0.1,8,2024-12-30,False,2024,3,March,Q1,12,Wednesday,False,Spring,False,Spring,55+,102.64,171.07,410.57,44.44
C0087,Divya Das,28,Female,Chennai,South,Teacher,Electronics,USB-C Hub,2024-03-16,1,1268.46,1205.04,UPI,In-Store,Standard,Regular,0.05,7,2024-11-22,False,2024,3,March,Q1,11,Saturday,True,Spring,False,Spring,25-34,63.42,887.92,317.12,26.32
C0050,Amit Chopra,50,Female,Pune,West,Consultant,Books,Python Programming,2024-09-29,1,642.68,642.68,Credit Card,Online,Standard,Gold,0.0,8,2024-12-04,False,2024,9,September,Q3,39,Sunday,True,Autumn,False,Autumn,45-54,0.0,257.07,385.61,60.0
C0097,Vikram Deshmukh,27,Female,Kolkata,East,Software Engineer,Books,Python Programming,2024-06-08,1,666.62,633.29,Credit Card,Online,Standard,Silver,0.05,15,2024-10-29,False,2024,6,June,Q2,23,Saturday,True,Summer,False,Summer,25-34,33.33,266.65,366.64,57.89
C0113,Nikhil Singh,47,Male,Hyderabad,South,Consultant,Home & Kitchen,Stainless Steel Knife Set,2024-04-17,2,1376.6,2477.88,Net Banking,Mobile App,Standard,Regular,0.1,8,2024-12-28,False,2024,4,April,Q2,16,Wednesday,False,Spring,False,Spring,45-54,275.32,825.96,825.96,33.33
C0131,Ananya Mehta,64,Male,Noida,North,Student,Clothing,Cotton T-Shirt,2024-12-02,3,941.7,2542.59,Debit Card,Online,Standard,Platinum,0.1,43,2024-12-29,False,2024,12,December,Q4,49,Monday,False,Winter,True,Festive Peak (Q4),55+,282.51,423.77,1271.28,50.0
C0106,Manish Bose,62,Male,Bhubaneswar,East,Financial Analyst,Sports & Fitness,Water Bottle 1L,2024-04-20,1,434.9,413.16,UPI,In-Store,Standard,Gold,0.05,31,2024-12-30,False,2024,4,April,Q2,16,Saturday,True,Spring,False,Spring,55+,21.74,217.45,195.71,47.37
C0120,Tanvi Sharma,26,Female,Bhubaneswar,East,Financial Analyst,Beauty & Personal Care,Herbal Shampoo,2024-11-03,2,633.81,1140.86,Debit Card,Mobile App,Standard,Platinum,0.1,26,2024-12-25,False,2024,11,November,Q4,44,Sunday,True,Autumn,True,Festive Peak (Q4),25-34,126.76,221.83,697.2,61.11
C0029,Amit Mukherjee,26,Male,Ahmedabad,West,Entrepreneur,Books,Python Programming,2024-11-12,2,861.0,1722.0,Credit Card,In-Store,Standard,Regular,0.0,6,2024-11-12,False,2024,11,November,Q4,46,Tuesday,False,Autumn,True,Festive Peak (Q4),25-34,0.0,344.4,1033.2,60.0
C0079,Shreya Sharma,23,Female,Pune,West,Teacher,Electronics,USB-C Hub,2024-10-13,1,1358.66,1358.66,Credit Card,In-Store,Standard,Regular,0.0,18,2024-12-01,False,2024,10,October,Q4,41,Sunday,True,Autumn,True,Festive Peak (Q4),18-24,0.0,951.06,407.6,30.0
C0002,Manish Joshi,41,Male,Hyderabad,South,Financial Analyst,Books,Data Analytics Handbook,2024-02-16,2,1122.24,2244.48,Credit Card,Online,Standard,Regular,0.0,8,2024-12-27,False,2024,2,February,Q1,7,Friday,False,Winter,False,Winter,35-44,0.0,448.9,1346.68,60.0
C0040,Aarav Chopra,22,Male,Jaipur,North,Product Manager,Clothing,Athletic Shorts,2024-11-01,3,1134.28,3402.84,Debit Card,In-Store,Standard,Gold,0.0,36,2024-12-27,False,2024,11,November,Q4,44,Friday,False,Autumn,True,Festive Peak (Q4),18-24,0.0,510.43,1871.55,55.0
C0119,Shreya Nair,40,Female,Noida,North,Entrepreneur,Clothing,Athletic Shorts,2024-11-24,2,1140.11,1824.18,UPI,In-Store,Standard,Regular,0.2,36,2024-12-31,False,2024,11,November,Q4,47,Sunday,True,Autumn,True,Festive Peak (Q4),35-44,456.04,513.05,798.08,43.75
C0149,Ananya Singh,64,Female,Jaipur,North,Software Engineer,Books,Python Programming,2024-10-13,1,878.85,878.85,Credit Card,Mobile App,Standard,Platinum,0.0,17,2024-12-28,False,2024,10,October,Q4,41,Sunday,True,Autumn,True,Festive Peak (Q4),55+,0.0,351.54,527.31,60.0
C0021,Manish Chopra,56,Female,Delhi,North,Architect,Clothing,Slim Fit Jeans,2024-10-16,4,2548.63,9684.79,UPI,Online,Standard,Platinum,0.05,4,2024-11-29,True,2024,10,October,Q4,42,Wednesday,False,Autumn,True,Festive Peak (Q4),55+,509.73,1146.88,5097.27,52.63
C0064,Priya Nair,68,Male,Mumbai,West,Designer,Books,Data Analytics Handbook,2024-12-09,5,902.78,4062.51,Net Banking,Online,Standard,Regular,0.1,7,2024-12-09,True,2024,12,December,Q4,50,Monday,False,Winter,True,Festive Peak (Q4),55+,451.39,361.11,2256.96,55.56
C0123,Ananya Joshi,54,Male,Jaipur,North,Doctor,Books,Atomic Habits,2024-03-07,4,439.89,1759.56,Credit Card,Online,Standard,Gold,0.0,26,2024-12-26,False,2024,3,March,Q1,10,Thursday,False,Spring,False,Spring,45-54,0.0,175.96,1055.72,60.0
C0036,Divya Das,47,Female,Chennai,South,Product Manager,Sports & Fitness,Resistance Bands Set,2024-03-17,2,417.81,710.28,Credit Card,Online,Standard,Regular,0.15,5,2024-09-20,False,2024,3,March,Q1,11,Sunday,True,Spring,False,Spring,45-54,125.34,208.9,292.48,41.18
C0097,Vikram Deshmukh,27,Female,Kolkata,East,Software Engineer,Clothing,Slim Fit Jeans,2024-10-12,2,2005.72,3810.87,Credit Card,In-Store,Standard,Silver,0.05,15,2024-10-29,False,2024,10,October,Q4,41,Saturday,True,Autumn,True,Festive Peak (Q4),25-34,200.57,902.57,2005.73,52.63
C0105,Ravi Gupta,69,Male,Hyderabad,South,Teacher,Beauty & Personal Care,Herbal Shampoo,2024-05-10,1,423.36,402.19,UPI,Online,Standard,Silver,0.05,2,2024-07-17,False,2024,5,May,Q2,19,Friday,False,Spring,False,Spring,55+,21.17,148.18,254.01,63.16
C0031,Aarav Iyer,57,Male,Chennai,South,Architect,Books,Data Analytics Handbook,2024-10-22,2,850.05,1700.1,Credit Card,Mobile App,Standard,Silver,0.0,12,2024-10-25,False,2024,10,October,Q4,43,Tuesday,False,Autumn,True,Festive Peak (Q4),55+,0.0,340.02,1020.06,60.0
C0057,Vikram Mukherjee,47,Female,Mumbai,West,Doctor,Beauty & Personal Care,Moisturizing Cream,2024-12-02,1,599.76,599.76,Credit Card,Online,Standard,Silver,0.0,11,2024-12-15,False,2024,12,December,Q4,49,Monday,False,Winter,True,Festive Peak (Q4),45-54,0.0,209.92,389.84,65.0
C0123,Ananya Joshi,54,Male,Jaipur,North,Doctor,Books,Python Programming,2024-07-03,1,672.43,638.81,Credit Card,Online,Standard,Gold,0.05,26,2024-12-26,False,2024,7,July,Q3,27,Wednesday,False,Summer,False,Summer,45-54,33.62,268.97,369.84,57.9
C0097,Vikram Deshmukh,27,Female,Kolkata,East,Software Engineer,Home & Kitchen,Coffee Maker,2024-03-10,1,2054.46,2054.46,Debit Card,In-Store,Standard,Silver,0.0,15,2024-10-29,False,2024,3,March,Q1,10,Sunday,True,Spring,False,Spring,25-34,0.0,1232.68,821.78,40.0
C0002,Manish Joshi,41,Male,Hyderabad,South,Financial Analyst,Home & Kitchen,Ceramic Mug Set,2024-01-28,3,487.29,1461.87,UPI,Online,Standard,Regular,0.0,8,2024-12-27,False,2024,1,January,Q1,4,Sunday,True,Winter,False,Winter,35-44,0.0,292.37,584.76,40.0
C0120,Tanvi Sharma,26,Female,Bhubaneswar,East,Financial Analyst,Electronics,Power Bank,2024-02-15,2,1383.74,2352.36,UPI,Online,Standard,Platinum,0.15,26,2024-12-25,False,2024,2,February,Q1,7,Thursday,False,Winter,False,Winter,25-34,415.12,968.62,415.12,17.65
C0010,Priya Bose,31,Female,Hyderabad,South,Sales Executive,Sports & Fitness,Water Bottle 1L,2024-06-26,1,485.07,412.31,UPI,Mobile App,Standard,Gold,0.15,2,2024-06-26,False,2024,6,June,Q2,26,Wednesday,False,Summer,False,Summer,25-34,72.76,242.54,169.77,41.18
C0119,Shreya Nair,40,Female,Noida,North,Entrepreneur,Sports & Fitness,Water Bottle 1L,2024-02-04,1,544.97,544.97,Credit Card,In-Store,Standard,Regular,0.0,36,2024-12-31,False,2024,2,February,Q1,5,Sunday,True,Winter,False,Winter,35-44,0.0,272.48,272.49,50.0
C0143,Karan Sharma,71,Female,Hyderabad,South,Software Engineer,Home & Kitchen,Coffee Maker,2024-01-15,1,3185.48,3185.48,Credit Card,In-Store,Standard,Silver,0.0,10,2024-12-19,False,2024,1,January,Q1,3,Monday,False,Winter,False,Winter,55+,0.0,1911.29,1274.19,40.0
C0059,Riya Mehta,51,Male,Kolkata,East,Designer,Home & Kitchen,Electric Blender,2024-10-17,1,2159.43,1943.49,UPI,Online,Standard,Regular,0.1,5,2024-10-24,False,2024,10,October,Q4,42,Thursday,False,Autumn,True,Festive Peak (Q4),45-54,215.94,1295.66,647.83,33.33
C0055,Nikhil Sharma,47,Female,Pune,West,Teacher,Clothing,Athletic Shorts,2024-10-30,1,710.86,604.23,Cash on Delivery,In-Store,Standard,Regular,0.15,17,2024-11-02,False,2024,10,October,Q4,44,Wednesday,False,Autumn,True,Festive Peak (Q4),45-54,106.63,319.89,284.34,47.06
C0028,Shreya Joshi,55,Male,Mumbai,West,Data Analyst,Home & Kitchen,Electric Blender,2024-12-27,1,2386.16,2386.16,Debit Card,In-Store,Standard,Platinum,0.0,14,2024-12-30,False,2024,12,December,Q4,52,Friday,False,Winter,True,Festive Peak (Q4),55+,0.0,1431.7,954.46,40.0
C0051,Varun Das,47,Female,Bangalore,South,Financial Analyst,Sports & Fitness,Running Shoes,2024-09-19,3,3768.29,10174.38,Debit Card,In-Store,Standard,Regular,0.1,15,2024-12-16,True,2024,9,September,Q3,38,Thursday,False,Autumn,False,Autumn,45-54,1130.49,1884.14,4521.96,44.44
C0131,Ananya Mehta,64,Male,Noida,North,Student,Sports & Fitness,Water Bottle 1L,2024-05-10,1,570.94,513.85,Net Banking,In-Store,Standard,Platinum,0.1,43,2024-12-29,False,2024,5,May,Q2,19,Friday,False,Spring,False,Spring,55+,57.09,285.47,228.38,44.44
C0149,Ananya Singh,64,Female,Jaipur,North,Software Engineer,Clothing,Cotton T-Shirt,2024-10-02,2,937.69,1781.61,Net Banking,Online,Standard,Platinum,0.05,17,2024-12-28,False,2024,10,October,Q4,40,Wednesday,False,Autumn,True,Festive Peak (Q4),55+,93.77,421.96,937.69,52.63
C0059,Riya Mehta,51,Male,Kolkata,East,Designer,Books,Python Programming,2024-03-05,2,869.34,1738.68,UPI,Online,Standard,Regular,0.0,5,2024-10-24,False,2024,3,March,Q1,10,Tuesday,False,Spring,False,Spring,45-54,0.0,347.74,1043.2,60.0
C0077,Arjun Kumar,62,Male,Kolkata,East,Product Manager,Home & Kitchen,Stainless Steel Knife Set,2024-07-20,1,1471.42,1471.42,UPI,In-Store,Standard,Gold,0.0,11,2024-12-18,False,2024,7,July,Q3,29,Saturday,True,Summer,False,Summer,55+,0.0,882.85,588.57,40.0
C0118,Sneha Mehta,53,Male,Jaipur,North,Software Engineer,Electronics,USB-C Hub,2024-09-03,4,1313.71,4729.36,Net Banking,Online,Standard,Silver,0.1,1,2024-09-03,False,2024,9,September,Q3,36,Tuesday,False,Autumn,False,Autumn,45-54,525.48,919.6,1050.96,22.22
C0132,Arjun Patel,43,Male,Pune,West,Product Manager,Beauty & Personal Care,Face Cleanser,2024-11-21,2,522.04,835.26,Cash on Delivery,Online,Standard,Gold,0.2,21,2024-12-03,False,2024,11,November,Q4,47,Thursday,False,Autumn,True,Festive Peak (Q4),35-44,208.82,182.71,469.84,56.25
C0101,Divya Deshmukh,68,Male,Pune,West,Data Analyst,Beauty & Personal Care,Perfume Spray,2024-12-26,2,2606.63,4691.93,Credit Card,In-Store,Standard,Silver,0.1,8,2024-12-30,True,2024,12,December,Q4,52,Thursday,False,Winter,True,Festive Peak (Q4),55+,521.33,912.32,2867.29,61.11
C0062,Amit Mehta,20,Female,Hyderabad,South,Designer,Electronics,Power Bank,2024-01-26,5,1501.99,7134.45,UPI,Online,Standard,Silver,0.05,4,2024-09-02,False,2024,1,January,Q1,4,Friday,False,Winter,False,Winter,18-24,375.5,1051.39,1877.5,26.32
C0067,Shreya Kumar,29,Male,Bangalore,South,Architect,Beauty & Personal Care,Herbal Shampoo,2024-02-22,3,595.91,1698.34,UPI,Online,Standard,Silver,0.05,10,2024-11-27,False,2024,2,February,Q1,8,Thursday,False,Winter,False,Winter,25-34,89.39,208.57,1072.63,63.16
C0114,Rohan Gupta,53,Other,Ahmedabad,West,Data Analyst,Home & Kitchen,Non-Stick Frying Pan,2024-10-23,1,1241.58,1117.42,Cash on Delivery,Online,Standard,Platinum,0.1,11,2024-12-11,False,2024,10,October,Q4,43,Wednesday,False,Autumn,True,Festive Peak (Q4),45-54,124.16,744.95,372.47,33.33
C0001,Rahul Patel,32,Male,Pune,West,Consultant,Beauty & Personal Care,Sunscreen SPF 50,2024-02-09,4,632.82,2531.28,UPI,In-Store,Standard,Silver,0.0,1,2024-02-09,False,2024,2,February,Q1,6,Friday,False,Winter,False,Winter,25-34,0.0,221.49,1645.32,65.0
C0106,Manish Bose,62,Male,Bhubaneswar,East,Financial Analyst,Sports & Fitness,Running Shoes,2024-05-01,4,2886.36,11545.44,UPI,Online,Standard,Gold,0.0,31,2024-12-30,True,2024,5,May,Q2,18,Wednesday,False,Spring,False,Spring,55+,0.0,1443.18,5772.72,50.0
C0057,Vikram Mukherjee,47,Female,Mumbai,West,Doctor,Sports & Fitness,Adjustable Dumbbells,2024-12-04,2,3636.19,7272.38,UPI,Online,Standard,Silver,0.0,11,2024-12-15,False,2024,12,December,Q4,49,Wednesday,False,Winter,True,Festive Peak (Q4),45-54,0.0,1818.1,3636.18,50.0
C0123,Ananya Joshi,54,Male,Jaipur,North,Doctor,Beauty & Personal Care,Sunscreen SPF 50,2024-11-15,1,817.67,735.9,UPI,Online,Standard,Gold,0.1,26,2024-12-26,False,2024,11,November,Q4,46,Friday,False,Autumn,True,Festive Peak (Q4),45-54,81.77,286.18,449.72,61.11
C0020,Nikhil Singh,45,Male,Mumbai,West,Sales Executive,Clothing,Formal Shirt,2024-01-25,1,1161.63,1045.47,UPI,Online,Standard,Regular,0.1,6,2024-12-30,False,2024,1,January,Q1,4,Thursday,False,Winter,False,Winter,45-54,116.16,522.73,522.74,50.0
C0101,Divya Deshmukh,68,Male,Pune,West,Data Analyst,Beauty & Personal Care,Herbal Shampoo,2024-02-07,3,730.95,2192.85,UPI,In-Store,Standard,Silver,0.0,8,2024-12-30,False,2024,2,February,Q1,6,Wednesday,False,Winter,False,Winter,55+,0.0,255.83,1425.36,65.0
C0108,Arjun Mukherjee,54,Male,Bangalore,South,Architect,Clothing,Casual Jacket,2024-08-01,2,4330.58,7795.04,UPI,Online,Standard,Regular,0.1,4,2024-10-16,False,2024,8,August,Q3,31,Thursday,False,Summer,False,Summer,45-54,866.12,1948.76,3897.52,50.0
C0014,Vikram Nair,58,Female,Chennai,South,Financial Analyst,Sports & Fitness,Running Shoes,2024-07-19,3,5039.13,12849.78,Cash on Delivery,In-Store,Standard,Silver,0.15,19,2024-12-21,True,2024,7,July,Q3,29,Friday,False,Summer,False,Summer,55+,2267.61,2519.56,5291.1,41.18
C0099,Arjun Mukherjee,40,Male,Bhubaneswar,East,Teacher,Home & Kitchen,Coffee Maker,2024-08-12,1,2879.9,2591.91,UPI,In-Store,Standard,Regular,0.1,10,2024-12-30,False,2024,8,August,Q3,33,Monday,False,Summer,False,Summer,35-44,287.99,1727.94,863.97,33.33
C0097,Vikram Deshmukh,27,Female,Kolkata,East,Software Engineer,Home & Kitchen,Electric Blender,2024-10-29,2,1957.76,3523.97,Cash on Delivery,Online,Standard,Silver,0.1,15,2024-10-29,False,2024,10,October,Q4,44,Tuesday,False,Autumn,True,Festive Peak (Q4),25-34,391.55,1174.66,1174.65,33.33
C0097,Vikram Deshmukh,27,Female,Kolkata,East,Software Engineer,Beauty & Personal Care,Perfume Spray,2024-07-25,2,3099.04,6198.08,UPI,Online,Standard,Silver,0.0,15,2024-10-29,True,2024,7,July,Q3,30,Thursday,False,Summer,False,Summer,25-34,0.0,1084.66,4028.76,65.0
C0104,Shreya Bose,65,Male,Kolkata,East,Product Manager,Clothing,Athletic Shorts,2024-02-12,3,1046.66,3139.98,UPI,Mobile App,Standard,Regular,0.0,22,2024-12-24,False,2024,2,February,Q1,7,Monday,False,Winter,False,Winter,55+,0.0,471.0,1726.98,55.0
C0112,Aditi Joshi,62,Male,Chennai,South,Software Engineer,Electronics,Bluetooth Speaker,2024-01-26,2,3476.96,6258.53,Debit Card,In-Store,Standard,Gold,0.1,13,2024-12-28,False,2024,1,January,Q1,4,Friday,False,Winter,False,Winter,55+,695.39,2433.87,1390.79,22.22
C0045,Priya Verma,34,Female,Chennai,South,Student,Sports & Fitness,Yoga Mat,2024-11-05,1,894.53,894.53,Credit Card,Online,Standard,Regular,0.0,19,2024-12-20,False,2024,11,November,Q4,45,Tuesday,False,Autumn,True,Festive Peak (Q4),25-34,0.0,447.26,447.27,50.0
C0126,Siddharth Kumar,31,Male,Hyderabad,South,Marketing Specialist,Sports & Fitness,Yoga Mat,2024-04-20,1,615.13,553.62,UPI,Online,Standard,Silver,0.1,19,2024-12-24,False,2024,4,April,Q2,16,Saturday,True,Spring,False,Spring,25-34,61.51,307.56,246.06,44.45
C0084,Riya Mukherjee,26,Male,Mumbai,West,Entrepreneur,Books,Data Analytics Handbook,2024-03-21,2,679.33,1290.73,Cash on Delivery,In-Store,Standard,Regular,0.05,11,2024-12-04,False,2024,3,March,Q1,12,Thursday,False,Spring,False,Spring,25-34,67.93,271.73,747.27,57.9
C0016,Rohan Mehta,18,Female,Bangalore,South,Sales Executive,Electronics,Bluetooth Speaker,2024-12-28,34,1780.37,60532.58,Net Banking,Online,Standard,Silver,0.0,2,2024-12-28,True,2024,12,December,Q4,52,Saturday,True,Winter,True,Festive Peak (Q4),18-24,0.0,1246.26,18159.74,30.0
C0013,Aarav Chopra,68,Female,Jaipur,North,Marketing Specialist,Clothing,Slim Fit Jeans,2024-03-01,2,1246.04,2242.87,Credit Card,Online,Standard,Regular,0.1,15,2024-12-02,False,2024,3,March,Q1,9,Friday,False,Spring,False,Spring,55+,249.21,560.72,1121.43,50.0
C0055,Nikhil Sharma,56,Female,Pune,West,Teacher,Home & Kitchen,Coffee Maker,2024-02-29,1,2381.1,2262.04,Net Banking,In-Store,Standard,Regular,0.05,17,2024-11-02,False,2024,2,February,Q1,9,Thursday,False,Winter,False,Winter,55+,119.06,1428.66,833.38,36.84
C0123,Ananya Joshi,54,Male,Jaipur,North,Doctor,Electronics,Smartwatch,2024-08-12,2,3169.37,5704.87,Credit Card,In-Store,Standard,Gold,0.1,26,2024-12-26,False,2024,8,August,Q3,33,Monday,False,Summer,False,Summer,45-54,633.87,2218.56,1267.75,22.22
C0115,Amit Patel,47,Male,Jaipur,North,Sales Executive,Clothing,Formal Shirt,2024-07-21,2,1594.45,2710.56,Net Banking,Online,Standard,Regular,0.15,14,2024-11-28,False,2024,7,July,Q3,29,Sunday,True,Summer,False,Summer,45-54,478.34,717.5,1275.56,47.06
C0123,Ananya Joshi,54,Male,Jaipur,North,Doctor,Home & Kitchen,Ceramic Mug Set,2024-12-25,1,920.53,874.5,Debit Card,Online,Standard,Gold,0.05,26,2024-12-26,False,2024,12,December,Q4,52,Wednesday,False,Winter,True,Festive Peak (Q4),45-54,46.03,552.32,322.18,36.84
C0089,Sneha Chopra,22,Other,Ahmedabad,West,Marketing Specialist,Electronics,Bluetooth Speaker,2024-05-19,2,3407.02,5791.93,Debit Card,Mobile App,Standard,Platinum,0.15,14,2024-11-14,False,2024,5,May,Q2,20,Sunday,True,Spring,False,Spring,18-24,1022.11,2384.91,1022.11,17.65
C0075,Sneha Gupta,18,Female,Delhi,North,Consultant,Home & Kitchen,Ceramic Mug Set,2024-12-31,1,919.26,919.26,Credit Card,In-Store,Standard,Regular,0.0,2,2024-12-31,False,2024,12,December,Q4,1,Tuesday,False,Winter,True,Festive Peak (Q4),18-24,0.0,551.56,367.7,40.0
C0028,Shreya Joshi,55,Male,Mumbai,West,Data Analyst,Beauty & Personal Care,Herbal Shampoo,2024-06-26,1,619.51,588.53,UPI,Online,Standard,Platinum,0.05,14,2024-12-30,False,2024,6,June,Q2,26,Wednesday,False,Summer,False,Summer,55+,30.98,216.83,371.7,63.16
C0055,Nikhil Sharma,56,Female,Pune,West,Teacher,Sports & Fitness,Yoga Mat,2024-10-04,3,1234.6,3518.61,Net Banking,Online,Standard,Regular,0.05,17,2024-11-02,False,2024,10,October,Q4,40,Friday,False,Autumn,True,Festive Peak (Q4),55+,185.19,617.3,1666.71,47.37
C0074,Ananya Nair,67,Female,Noida,North,Doctor,Beauty & Personal Care,Face Cleanser,2024-08-23,1,358.62,322.76,Credit Card,Mobile App,Standard,Silver,0.1,11,2024-12-18,False,2024,8,August,Q3,34,Friday,False,Summer,False,Summer,55+,35.86,125.52,197.24,61.11
C0019,Rahul Joshi,39,Female,Kolkata,East,Entrepreneur,Electronics,Smartwatch,2024-02-07,1,5412.25,5412.25,Credit Card,Online,Standard,Silver,0.0,3,2024-02-18,False,2024,2,February,Q1,6,Wednesday,False,Winter,False,Winter,35-44,0.0,3788.58,1623.67,30.0
C0039,Sneha Deshmukh,71,Female,Bhubaneswar,East,Data Analyst,Sports & Fitness,Resistance Bands Set,2024-08-01,1,847.73,847.73,UPI,Online,Standard,Silver,0.0,13,2024-12-26,False,2024,8,August,Q3,31,Thursday,False,Summer,False,Summer,55+,0.0,423.86,423.87,50.0
C0103,Kavya Nair,44,Male,Chennai,South,Architect,Sports & Fitness,Adjustable Dumbbells,2024-02-01,2,2125.15,3400.24,Net Banking,In-Store,Standard,Regular,0.2,1,2024-02-01,False,2024,2,February,Q1,5,Thursday,False,Winter,False,Winter,35-44,850.06,1062.58,1275.08,37.5
C0119,Shreya Nair,40,Female,Noida,North,Entrepreneur,Sports & Fitness,Resistance Bands Set,2024-11-03,1,498.05,498.05,Cash on Delivery,Mobile App,Standard,Regular,0.0,36,2024-12-31,False,2024,11,November,Q4,44,Sunday,True,Autumn,True,Festive Peak (Q4),35-44,0.0,249.02,249.03,50.0
C0150,Ananya Verma,49,Other,Hyderabad,South,Sales Executive,Home & Kitchen,Stainless Steel Knife Set,2024-07-30,1,607.79,577.4,Net Banking,Online,Standard,Regular,0.05,3,2024-11-23,False,2024,7,July,Q3,31,Tuesday,False,Summer,False,Summer,45-54,30.39,364.67,212.73,36.84
C0136,Karan Singh,46,Male,Chennai,South,Teacher,Beauty & Personal Care,Sunscreen SPF 50,2024-01-16,2,826.42,1570.2,Cash on Delivery,Online,Standard,Regular,0.05,3,2024-07-05,False,2024,1,January,Q1,3,Tuesday,False,Winter,False,Winter,45-54,82.64,289.25,991.7,63.16
C0108,Arjun Mukherjee,54,Male,Bangalore,South,Architect,Home & Kitchen,Coffee Maker,2024-01-01,1,3864.47,3671.25,UPI,Online,Standard,Regular,0.05,4,2024-10-16,False,2024,1,January,Q1,1,Monday,False,Winter,False,Winter,45-54,193.22,2318.68,1352.57,36.84
C0070,Tanvi Gupta,64,Male,Pune,West,Marketing Specialist,Electronics,Power Bank,2024-06-15,5,1817.22,8177.49,Credit Card,Online,Standard,Platinum,0.1,3,2024-12-30,False,2024,6,June,Q2,24,Saturday,True,Summer,False,Summer,55+,908.61,1272.05,1817.24,22.22
C0106,Manish Bose,62,Male,Bhubaneswar,East,Financial Analyst,Beauty & Personal Care,Perfume Spray,2024-08-05,1,2193.87,2084.18,Debit Card,Online,Standard,Gold,0.05,31,2024-12-30,False,2024,8,August,Q3,32,Monday,False,Summer,False,Summer,55+,109.69,767.85,1316.33,63.16
C0123,Ananya Joshi,54,Male,Jaipur,North,Doctor,Sports & Fitness,Resistance Bands Set,2024-01-09,1,497.43,497.43,UPI,In-Store,Standard,Gold,0.0,26,2024-12-26,False,2024,1,January,Q1,2,Tuesday,False,Winter,False,Winter,45-54,0.0,248.72,248.71,50.0
C0025,Rahul Verma,66,Male,Hyderabad,South,Software Engineer,Electronics,Power Bank,2024-03-24,2,1067.3,2027.87,Credit Card,Online,Standard,Silver,0.05,27,2024-12-24,False,2024,3,March,Q1,12,Sunday,True,Spring,False,Spring,55+,106.73,747.11,533.65,26.32
C0067,Shreya Kumar,29,Male,Bangalore,South,Architect,Sports & Fitness,Yoga Mat,2024-04-22,1,995.5,945.72,Cash on Delivery,Online,Standard,Silver,0.05,10,2024-11-27,False,2024,4,April,Q2,17,Monday,False,Spring,False,Spring,25-34,49.78,497.75,447.97,47.37
C0130,Riya Singh,48,Male,Hyderabad,South,Product Manager,Clothing,Slim Fit Jeans,2024-11-07,3,1604.35,4091.09,Debit Card,Online,Standard,Silver,0.15,20,2024-12-21,False,2024,11,November,Q4,45,Thursday,False,Autumn,True,Festive Peak (Q4),45-54,721.96,721.96,1925.21,47.06
C0061,Tanvi Iyer,67,Female,Delhi,North,Software Engineer,Clothing,Formal Shirt,2024-02-17,1,1476.0,1180.8,UPI,In-Store,Standard,Regular,0.2,13,2024-12-08,False,2024,2,February,Q1,7,Saturday,True,Winter,False,Winter,55+,295.2,664.2,516.6,43.75
C0098,Shreya Mehta,23,Female,Bhubaneswar,East,Student,Clothing,Casual Jacket,2024-02-25,1,4249.26,3611.87,UPI,Online,Standard,Silver,0.15,5,2024-12-25,False,2024,2,February,Q1,8,Sunday,True,Winter,False,Winter,18-24,637.39,1912.17,1699.7,47.06
C0100,Pooja Iyer,42,Female,Jaipur,North,Student,Clothing,Slim Fit Jeans,2024-05-02,1,1615.96,1373.57,Debit Card,Online,Standard,Regular,0.15,2,2024-07-25,False,2024,5,May,Q2,18,Thursday,False,Spring,False,Spring,35-44,242.39,727.18,646.39,47.06
C0031,Aarav Iyer,57,Male,Chennai,South,Architect,Electronics,Power Bank,2024-10-25,1,1463.4,1317.06,Credit Card,In-Store,Standard,Silver,0.1,12,2024-10-25,False,2024,10,October,Q4,43,Friday,False,Autumn,True,Festive Peak (Q4),55+,146.34,1024.38,292.68,22.22
C0058,Meera Mehta,50,Male,Pune,West,Consultant,Beauty & Personal Care,Herbal Shampoo,2024-12-18,1,521.44,469.3,Credit Card,Online,Standard,Gold,0.1,4,2024-12-18,False,2024,12,December,Q4,51,Wednesday,False,Winter,True,Festive Peak (Q4),45-54,52.14,182.5,286.8,61.11
C0055,Nikhil Sharma,56,Female,Pune,West,Teacher,Beauty & Personal Care,Perfume Spray,2024-11-02,1,3195.82,3195.82,Debit Card,Online,Standard,Regular,0.0,17,2024-11-02,False,2024,11,November,Q4,44,Saturday,True,Autumn,True,Festive Peak (Q4),55+,0.0,1118.54,2077.28,65.0
C0005,Meera Mukherjee,61,Female,Chennai,South,Marketing Specialist,Books,Business Strategy Guide,2024-09-29,2,541.33,1082.66,Cash on Delivery,In-Store,Standard,Regular,0.0,19,2024-12-18,False,2024,9,September,Q3,39,Sunday,True,Autumn,False,Autumn,55+,0.0,216.53,649.6,60.0
C0005,Meera Mukherjee,61,Female,Chennai,South,Marketing Specialist,Electronics,Bluetooth Speaker,2024-11-21,2,1799.19,3598.38,Credit Card,In-Store,Standard,Regular,0.0,19,2024-12-18,False,2024,11,November,Q4,47,Thursday,False,Autumn,True,Festive Peak (Q4),55+,0.0,1259.43,1079.52,30.0
C0128,Aarav Patel,53,Other,Chennai,South,Software Engineer,Sports & Fitness,Water Bottle 1L,2024-07-07,1,744.37,669.93,UPI,Mobile App,Standard,Regular,0.1,8,2024-11-18,False,2024,7,July,Q3,27,Sunday,True,Summer,False,Summer,45-54,74.44,372.18,297.75,44.44
C0045,Priya Verma,34,Female,Chennai,South,Student,Sports & Fitness,Resistance Bands Set,2024-06-22,1,622.28,560.05,Net Banking,Online,Standard,Regular,0.1,19,2024-12-20,False,2024,6,June,Q2,25,Saturday,True,Summer,False,Summer,25-34,62.23,311.14,248.91,44.44
C0089,Sneha Chopra,22,Other,Ahmedabad,West,Marketing Specialist,Electronics,USB-C Hub,2024-04-15,2,939.17,1690.51,UPI,In-Store,Standard,Platinum,0.1,14,2024-11-14,False,2024,4,April,Q2,16,Monday,False,Spring,False,Spring,18-24,187.83,657.42,375.67,22.22
C0050,Amit Chopra,50,Female,Pune,West,Consultant,Electronics,Smartwatch,2024-06-15,1,4582.69,3666.15,UPI,In-Store,Standard,Gold,0.2,8,2024-12-04,False,2024,6,June,Q2,24,Saturday,True,Summer,False,Summer,45-54,916.54,3207.88,458.27,12.5
C0137,Aarav Bose,38,Male,Mumbai,West,Teacher,Clothing,Formal Shirt,2024-10-04,2,1737.68,3475.36,Credit Card,Online,Standard,Regular,0.0,15,2024-12-26,False,2024,10,October,Q4,40,Friday,False,Autumn,True,Festive Peak (Q4),35-44,0.0,781.96,1911.44,55.0
C0041,Ravi Das,61,Female,Pune,West,Teacher,Sports & Fitness,Water Bottle 1L,2024-01-20,1,633.24,601.58,Credit Card,Online,Standard,Silver,0.05,12,2024-11-09,False,2024,1,January,Q1,3,Saturday,True,Winter,False,Winter,55+,31.66,316.62,284.96,47.37
C0073,Neha Reddy,61,Female,Ahmedabad,West,Consultant,Home & Kitchen,Ceramic Mug Set,2024-01-03,1,911.1,911.1,Debit Card,Online,Standard,Silver,0.0,3,2024-04-11,False,2024,1,January,Q1,1,Wednesday,False,Winter,False,Winter,55+,0.0,546.66,364.44,40.0
C0131,Ananya Mehta,64,Male,Noida,North,Student,Books,Atomic Habits,2024-12-17,1,708.79,673.35,UPI,Mobile App,Standard,Platinum,0.05,43,2024-12-29,False,2024,12,December,Q4,51,Tuesday,False,Winter,True,Festive Peak (Q4),55+,35.44,283.52,389.83,57.89
C0130,Riya Singh,48,Male,Hyderabad,South,Product Manager,Clothing,Slim Fit Jeans,2024-10-23,1,2888.09,2743.69,Credit Card,Online,Standard,Silver,0.05,20,2024-12-21,False,2024,10,October,Q4,43,Wednesday,False,Autumn,True,Festive Peak (Q4),45-54,144.4,1299.64,1444.05,52.63
C0031,Aarav Iyer,57,Male,Chennai,South,Architect,Sports & Fitness,Yoga Mat,2024-10-04,1,1287.15,1222.79,UPI,Online,Standard,Silver,0.05,12,2024-10-25,False,2024,10,October,Q4,40,Friday,False,Autumn,True,Festive Peak (Q4),55+,64.36,643.58,579.21,47.37
C0125,Ananya Kumar,55,Female,Delhi,North,Architect,Beauty & Personal Care,Moisturizing Cream,2024-02-25,1,467.77,420.99,Credit Card,Online,Standard,Silver,0.1,9,2024-12-29,False,2024,2,February,Q1,8,Sunday,True,Winter,False,Winter,55+,46.78,163.72,257.27,61.11
C0078,Karan Kumar,20,Female,Chennai,South,Accountant,Clothing,Athletic Shorts,2024-05-11,1,712.88,677.24,Credit Card,Online,Standard,Silver,0.05,11,2024-10-05,False,2024,5,May,Q2,19,Saturday,True,Spring,False,Spring,18-24,35.64,320.8,356.44,52.63
C0080,Vikram Patel,36,Other,Noida,North,Architect,Beauty & Personal Care,Herbal Shampoo,2024-06-03,1,612.54,612.54,UPI,In-Store,Standard,Silver,0.0,16,2024-12-24,False,2024,6,June,Q2,23,Monday,False,Summer,False,Summer,35-44,0.0,214.39,398.15,65.0
C0025,Rahul Verma,66,Male,Hyderabad,South,Software Engineer,Home & Kitchen,Stainless Steel Knife Set,2024-10-01,1,783.46,783.46,Debit Card,Online,Standard,Silver,0.0,27,2024-12-24,False,2024,10,October,Q4,40,Tuesday,False,Autumn,True,Festive Peak (Q4),55+,0.0,470.08,313.38,40.0
C0017,Karan Mukherjee,59,Male,Jaipur,North,Consultant,Beauty & Personal Care,Perfume Spray,2024-12-08,1,2337.94,2337.94,UPI,Online,Standard,Silver,0.0,7,2024-12-08,False,2024,12,December,Q4,49,Sunday,True,Winter,True,Festive Peak (Q4),55+,0.0,818.28,1519.66,65.0
C0119,Shreya Nair,40,Female,Noida,North,Entrepreneur,Books,Python Programming,2024-08-23,3,661.35,1686.44,Credit Card,Online,Standard,Regular,0.15,36,2024-12-31,False,2024,8,August,Q3,34,Friday,False,Summer,False,Summer,35-44,297.61,264.54,892.82,52.94
C0084,Riya Mukherjee,26,Male,Mumbai,West,Entrepreneur,Clothing,Slim Fit Jeans,2024-02-04,1,1218.13,1157.22,UPI,Online,Standard,Regular,0.05,11,2024-12-04,False,2024,2,February,Q1,5,Sunday,True,Winter,False,Winter,25-34,60.91,548.16,609.06,52.63
C0074,Ananya Nair,67,Female,Noida,North,Doctor,Beauty & Personal Care,Herbal Shampoo,2024-01-07,2,394.0,748.6,Net Banking,Online,Standard,Silver,0.05,11,2024-12-18,False,2024,1,January,Q1,1,Sunday,True,Winter,False,Winter,55+,39.4,137.9,472.8,63.16
C0119,Shreya Nair,40,Female,Noida,North,Entrepreneur,Sports & Fitness,Adjustable Dumbbells,2024-11-26,1,2228.4,1782.72,UPI,Mobile App,Standard,Regular,0.2,36,2024-12-31,False,2024,11,November,Q4,48,Tuesday,False,Autumn,True,Festive Peak (Q4),35-44,445.68,1114.2,668.52,37.5
C0120,Tanvi Sharma,26,Female,Bhubaneswar,East,Financial Analyst,Home & Kitchen,Non-Stick Frying Pan,2024-07-30,1,1220.09,1159.09,Net Banking,Online,Standard,Platinum,0.05,26,2024-12-25,False,2024,7,July,Q3,31,Tuesday,False,Summer,False,Summer,25-34,61.0,732.05,427.04,36.84
C0028,Shreya Joshi,55,Male,Mumbai,West,Data Analyst,Clothing,Slim Fit Jeans,2024-08-30,3,2202.72,6608.16,Cash on Delivery,Online,Standard,Platinum,0.0,14,2024-12-30,False,2024,8,August,Q3,35,Friday,False,Summer,False,Summer,55+,0.0,991.22,3634.5,55.0
C0104,Shreya Bose,65,Male,Kolkata,East,Product Manager,Clothing,Slim Fit Jeans,2024-09-03,2,2238.44,4476.88,UPI,Mobile App,Standard,Regular,0.0,22,2024-12-24,False,2024,9,September,Q3,36,Tuesday,False,Autumn,False,Autumn,55+,0.0,1007.3,2462.28,55.0
C0026,Aditi Verma,71,Male,Delhi,North,Software Engineer,Clothing,Slim Fit Jeans,2024-11-21,2,2887.55,5486.34,UPI,Online,Standard,Silver,0.05,9,2024-12-18,False,2024,11,November,Q4,47,Thursday,False,Autumn,True,Festive Peak (Q4),55+,288.76,1299.4,2887.54,52.63
C0119,Shreya Nair,40,Female,Noida,North,Entrepreneur,Beauty & Personal Care,Herbal Shampoo,2024-04-24,1,557.11,473.54,Credit Card,Mobile App,Standard,Regular,0.15,36,2024-12-31,False,2024,4,April,Q2,17,Wednesday,False,Spring,False,Spring,35-44,83.57,194.99,278.55,58.82
C0110,Rohan Reddy,35,Male,Ahmedabad,West,Data Analyst,Home & Kitchen,Ceramic Mug Set,2024-04-01,2,554.31,1053.19,UPI,Online,Standard,Platinum,0.05,24,2024-12-16,False,2024,4,April,Q2,14,Monday,False,Spring,False,Spring,35-44,55.43,332.59,388.01,36.84
C0141,Arjun Singh,24,Male,Pune,West,Financial Analyst,Clothing,Casual Jacket,2024-04-16,2,4609.07,7374.51,Cash on Delivery,Online,Standard,Silver,0.2,2,2024-09-16,False,2024,4,April,Q2,16,Tuesday,False,Spring,False,Spring,18-24,1843.63,2074.08,3226.35,43.75
C0014,Vikram Nair,58,Female,Chennai,South,Financial Analyst,Clothing,Athletic Shorts,2024-09-22,2,1146.85,1834.96,UPI,In-Store,Standard,Silver,0.2,19,2024-12-21,False,2024,9,September,Q3,38,Sunday,True,Autumn,False,Autumn,55+,458.74,516.08,802.8,43.75
C0013,Aarav Chopra,68,Female,Jaipur,North,Marketing Specialist,Electronics,Power Bank,2024-03-19,1,1647.46,1400.34,UPI,Online,Standard,Regular,0.15,15,2024-12-02,False,2024,3,March,Q1,12,Tuesday,False,Spring,False,Spring,55+,247.12,1153.22,247.12,17.65
C0042,Karan Mehta,66,Female,Jaipur,North,Accountant,Clothing,Formal Shirt,2024-10-21,1,1236.99,989.59,Debit Card,Online,Standard,Regular,0.2,1,2024-10-21,False,2024,10,October,Q4,43,Monday,False,Autumn,True,Festive Peak (Q4),55+,247.4,556.65,432.94,43.75
C0040,Aarav Chopra,22,Male,Jaipur,North,Product Manager,Electronics,Smartwatch,2024-11-25,1,6546.79,5564.77,UPI,Online,Standard,Gold,0.15,36,2024-12-27,False,2024,11,November,Q4,48,Monday,False,Autumn,True,Festive Peak (Q4),18-24,982.02,4582.75,982.02,17.65
C0134,Divya Reddy,64,Female,Bhubaneswar,East,Accountant,Electronics,Wireless Headphones,2024-01-15,2,2315.9,4631.8,UPI,Online,Standard,Gold,0.0,11,2024-11-29,False,2024,1,January,Q1,3,Monday,False,Winter,False,Winter,55+,0.0,1621.13,1389.54,30.0
C0040,Aarav Chopra,22,Male,Jaipur,North,Product Manager,Electronics,USB-C Hub,2024-09-26,1,1420.44,1420.44,UPI,Online,Standard,Gold,0.0,36,2024-12-27,False,2024,9,September,Q3,39,Thursday,False,Autumn,False,Autumn,18-24,0.0,994.31,426.13,30.0
C0045,Priya Verma,34,Female,Chennai,South,Student,Home & Kitchen,Stainless Steel Knife Set,2024-09-02,1,787.1,747.74,Credit Card,Online,Standard,Regular,0.05,19,2024-12-20,False,2024,9,September,Q3,36,Monday,False,Autumn,False,Autumn,25-34,39.36,472.26,275.48,36.84
C0120,Tanvi Sharma,26,Female,Bhubaneswar,East,Financial Analyst,Electronics,USB-C Hub,2024-05-22,2,1267.49,2408.23,Debit Card,In-Store,Standard,Platinum,0.05,26,2024-12-25,False,2024,5,May,Q2,21,Wednesday,False,Spring,False,Spring,25-34,126.75,887.24,633.75,26.32
C0077,Arjun Kumar,62,Male,Kolkata,East,Product Manager,Books,Psychology of Money,2024-01-06,1,696.27,591.83,UPI,Online,Standard,Gold,0.15,11,2024-12-18,False,2024,1,January,Q1,1,Saturday,True,Winter,False,Winter,55+,104.44,278.51,313.32,52.94
C0122,Amit Reddy,29,Male,Delhi,North,Financial Analyst,Home & Kitchen,Non-Stick Frying Pan,2024-10-15,3,828.93,2362.45,Credit Card,Mobile App,Standard,Regular,0.05,13,2024-12-21,False,2024,10,October,Q4,42,Tuesday,False,Autumn,True,Festive Peak (Q4),25-34,124.34,497.36,870.37,36.84
C0014,Vikram Nair,58,Male,Chennai,South,Financial Analyst,Beauty & Personal Care,Moisturizing Cream,2024-12-21,2,667.28,1267.83,Credit Card,Online,Standard,Silver,0.05,19,2024-12-21,False,2024,12,December,Q4,51,Saturday,True,Winter,True,Festive Peak (Q4),55+,66.73,233.55,800.73,63.16
C0080,Vikram Patel,36,Male,Noida,North,Architect,Home & Kitchen,Ceramic Mug Set,2024-05-03,1,901.32,856.25,UPI,In-Store,Standard,Silver,0.05,16,2024-12-24,False,2024,5,May,Q2,18,Friday,False,Spring,False,Spring,35-44,45.07,540.79,315.46,36.84
C0134,Divya Reddy,64,Female,Bhubaneswar,East,Accountant,Clothing,Casual Jacket,2024-08-29,1,4496.12,3596.9,UPI,Online,Standard,Gold,0.2,11,2024-11-29,False,2024,8,August,Q3,35,Thursday,False,Summer,False,Summer,55+,899.22,2023.25,1573.65,43.75
C0026,Aditi Verma,71,Male,Delhi,North,Software Engineer,Beauty & Personal Care,Herbal Shampoo,2024-12-02,1,642.81,610.67,UPI,In-Store,Standard,Silver,0.05,9,2024-12-18,False,2024,12,December,Q4,49,Monday,False,Winter,True,Festive Peak (Q4),55+,32.14,224.98,385.69,63.16
C0092,Aditi Chopra,51,Male,Jaipur,North,Student,Beauty & Personal Care,Sunscreen SPF 50,2024-09-23,2,815.09,1630.18,UPI,In-Store,Standard,Silver,0.0,9,2024-09-23,False,2024,9,September,Q3,39,Monday,False,Autumn,False,Autumn,45-54,0.0,285.28,1059.62,65.0
C0067,Shreya Kumar,29,Male,Bangalore,South,Architect,Electronics,Power Bank,2024-07-29,2,1754.7,3158.46,UPI,In-Store,Standard,Silver,0.1,10,2024-11-27,False,2024,7,July,Q3,31,Monday,False,Summer,False,Summer,25-34,350.94,1228.29,701.88,22.22
C0056,Rohan Chopra,33,Male,Ahmedabad,West,Architect,Clothing,Formal Shirt,2024-07-16,1,1357.13,1221.42,Debit Card,Online,Standard,Silver,0.1,15,2024-12-20,False,2024,7,July,Q3,29,Tuesday,False,Summer,False,Summer,25-34,135.71,610.71,610.71,50.0
C0132,Arjun Patel,43,Male,Pune,West,Product Manager,Clothing,Formal Shirt,2024-12-03,3,1707.25,4609.58,Debit Card,Online,Standard,Gold,0.1,21,2024-12-03,False,2024,12,December,Q4,49,Tuesday,False,Winter,True,Festive Peak (Q4),35-44,512.18,768.26,2304.8,50.0
C0005,Meera Mukherjee,61,Female,Chennai,South,Marketing Specialist,Beauty & Personal Care,Face Cleanser,2024-07-10,1,322.24,322.24,Credit Card,In-Store,Standard,Regular,0.0,19,2024-12-18,False,2024,7,July,Q3,28,Wednesday,False,Summer,False,Summer,55+,0.0,112.78,209.46,65.0
C0111,Ananya Sharma,36,Male,Pune,West,Teacher,Books,Psychology of Money,2024-09-18,1,372.97,335.67,UPI,In-Store,Standard,Regular,0.1,14,2024-10-12,False,2024,9,September,Q3,38,Wednesday,False,Autumn,False,Autumn,35-44,37.3,149.19,186.48,55.55
C0143,Karan Sharma,71,Female,Hyderabad,South,Software Engineer,Books,Atomic Habits,2024-08-18,1,654.59,654.59,UPI,Online,Standard,Silver,0.0,10,2024-12-19,False,2024,8,August,Q3,33,Sunday,True,Summer,False,Summer,55+,0.0,261.84,392.75,60.0
C0097,Vikram Deshmukh,27,Female,Kolkata,East,Software Engineer,Home & Kitchen,Electric Blender,2024-05-16,1,2640.63,2508.6,UPI,In-Store,Standard,Silver,0.05,15,2024-10-29,False,2024,5,May,Q2,20,Thursday,False,Spring,False,Spring,25-34,132.03,1584.38,924.22,36.84
C0137,Aarav Bose,38,Male,Mumbai,West,Teacher,Home & Kitchen,Ceramic Mug Set,2024-10-31,1,610.69,519.09,Credit Card,Online,Standard,Regular,0.15,15,2024-12-26,False,2024,10,October,Q4,44,Thursday,False,Autumn,True,Festive Peak (Q4),35-44,91.6,366.41,152.68,29.41
C0013,Aarav Chopra,68,Female,Jaipur,North,Marketing Specialist,Books,Atomic Habits,2024-03-09,1,409.95,348.46,Credit Card,Online,Standard,Regular,0.15,15,2024-12-02,False,2024,3,March,Q1,10,Saturday,True,Spring,False,Spring,55+,61.49,163.98,184.48,52.94
C0069,Neha Deshmukh,36,Male,Bangalore,South,Accountant,Books,Python Programming,2024-01-30,2,1042.2,2084.4,Debit Card,In-Store,Standard,Regular,0.0,8,2024-11-20,False,2024,1,January,Q1,5,Tuesday,False,Winter,False,Winter,35-44,0.0,416.88,1250.64,60.0
C0041,Ravi Das,61,Female,Pune,West,Teacher,Home & Kitchen,Ceramic Mug Set,2024-07-01,1,661.77,661.77,UPI,Mobile App,Standard,Silver,0.0,12,2024-11-09,False,2024,7,July,Q3,27,Monday,False,Summer,False,Summer,55+,0.0,397.06,264.71,40.0
C0119,Shreya Nair,40,Female,Noida,North,Entrepreneur,Books,Atomic Habits,2024-12-03,1,751.89,601.51,UPI,Mobile App,Standard,Regular,0.2,36,2024-12-31,False,2024,12,December,Q4,49,Tuesday,False,Winter,True,Festive Peak (Q4),35-44,150.38,300.76,300.75,50.0
C0148,Divya Kumar,25,Male,Bangalore,South,Marketing Specialist,Clothing,Athletic Shorts,2024-05-16,1,1011.49,1011.49,UPI,Online,Standard,Silver,0.0,9,2024-12-20,False,2024,5,May,Q2,20,Thursday,False,Spring,False,Spring,25-34,0.0,455.17,556.32,55.0
C0041,Ravi Das,61,Female,Pune,West,Teacher,Beauty & Personal Care,Sunscreen SPF 50,2024-03-29,2,920.95,1841.9,Debit Card,Online,Standard,Silver,0.0,12,2024-11-09,False,2024,3,March,Q1,13,Friday,False,Spring,False,Spring,55+,0.0,322.33,1197.24,65.0
C0110,Rohan Reddy,35,Male,Ahmedabad,West,Data Analyst,Sports & Fitness,Adjustable Dumbbells,2024-11-03,3,1927.67,5204.71,Cash on Delivery,In-Store,Standard,Platinum,0.1,24,2024-12-16,False,2024,11,November,Q4,44,Sunday,True,Autumn,True,Festive Peak (Q4),35-44,578.3,963.84,2313.19,44.44
C0035,Amit Sharma,55,Female,Jaipur,North,Sales Executive,Clothing,Athletic Shorts,2024-08-30,1,979.13,881.22,Net Banking,Online,Standard,Regular,0.1,8,2024-12-03,False,2024,8,August,Q3,35,Friday,False,Summer,False,Summer,55+,97.91,440.61,440.61,50.0
C0097,Vikram Deshmukh,27,Female,Kolkata,East,Software Engineer,Home & Kitchen,Coffee Maker,2024-05-24,3,2178.77,5882.68,UPI,Online,Standard,Silver,0.1,15,2024-10-29,False,2024,5,May,Q2,21,Friday,False,Spring,False,Spring,25-34,653.63,1307.26,1960.9,33.33
C0079,Shreya Sharma,23,Female,Pune,West,Teacher,Home & Kitchen,Non-Stick Frying Pan,2024-01-16,3,1900.25,5415.71,Cash on Delivery,Mobile App,Standard,Regular,0.05,18,2024-12-01,False,2024,1,January,Q1,3,Tuesday,False,Winter,False,Winter,18-24,285.04,1140.15,1995.26,36.84
C0145,Meera Iyer,35,Male,Jaipur,North,Data Analyst,Books,Data Analytics Handbook,2024-10-31,3,706.39,2119.17,Debit Card,Online,Standard,Silver,0.0,13,2024-12-16,False,2024,10,October,Q4,44,Thursday,False,Autumn,True,Festive Peak (Q4),35-44,0.0,282.56,1271.49,60.0
C0104,Shreya Bose,65,Male,Kolkata,East,Product Manager,Home & Kitchen,Electric Blender,2024-04-10,1,2807.62,2526.86,UPI,Online,Standard,Regular,0.1,22,2024-12-24,False,2024,4,April,Q2,15,Wednesday,False,Spring,False,Spring,55+,280.76,1684.57,842.29,33.33
C0056,Rohan Chopra,33,Male,Ahmedabad,West,Architect,Electronics,USB-C Hub,2024-10-24,1,725.15,688.89,UPI,Online,Standard,Silver,0.05,15,2024-12-20,False,2024,10,October,Q4,43,Thursday,False,Autumn,True,Festive Peak (Q4),25-34,36.26,507.6,181.29,26.32
C0025,Rahul Verma,66,Male,Hyderabad,South,Software Engineer,Home & Kitchen,Ceramic Mug Set,2024-09-29,3,824.81,2474.43,UPI,Online,Standard,Silver,0.0,27,2024-12-24,False,2024,9,September,Q3,39,Sunday,True,Autumn,False,Autumn,55+,0.0,494.89,989.76,40.0
C0028,Shreya Joshi,55,Male,Mumbai,West,Data Analyst,Beauty & Personal Care,Moisturizing Cream,2024-11-04,5,840.52,3992.47,Credit Card,In-Store,Standard,Platinum,0.05,14,2024-12-30,True,2024,11,November,Q4,45,Monday,False,Autumn,True,Festive Peak (Q4),55+,210.13,294.18,2521.57,63.16
C0039,Sneha Deshmukh,71,Female,Bhubaneswar,East,Data Analyst,Beauty & Personal Care,Sunscreen SPF 50,2024-04-30,1,897.19,852.33,Net Banking,Online,Standard,Silver,0.05,13,2024-12-26,False,2024,4,April,Q2,18,Tuesday,False,Spring,False,Spring,55+,44.86,314.02,538.31,63.16
C0040,Aarav Chopra,22,Male,Jaipur,North,Product Manager,Sports & Fitness,Adjustable Dumbbells,2024-01-10,2,2075.63,3943.7,UPI,Online,Standard,Gold,0.05,36,2024-12-27,False,2024,1,January,Q1,2,Wednesday,False,Winter,False,Winter,18-24,207.56,1037.82,1868.06,47.37
C0130,Riya Singh,48,Male,Hyderabad,South,Product Manager,Electronics,USB-C Hub,2024-09-24,4,874.84,3499.36,UPI,Mobile App,Standard,Silver,0.0,20,2024-12-21,False,2024,9,September,Q3,39,Tuesday,False,Autumn,False,Autumn,45-54,0.0,612.39,1049.8,30.0
C0097,Vikram Deshmukh,27,Female,Kolkata,East,Software Engineer,Beauty & Personal Care,Sunscreen SPF 50,2024-09-07,2,501.75,953.32,UPI,In-Store,Standard,Silver,0.05,15,2024-10-29,False,2024,9,September,Q3,36,Saturday,True,Autumn,False,Autumn,25-34,50.18,175.61,602.1,63.16
C0089,Sneha Chopra,22,Other,Ahmedabad,West,Marketing Specialist,Sports & Fitness,Adjustable Dumbbells,2024-11-14,2,4388.86,7461.06,Debit Card,Online,Standard,Platinum,0.15,14,2024-11-14,False,2024,11,November,Q4,46,Thursday,False,Autumn,True,Festive Peak (Q4),18-24,1316.66,2194.43,3072.2,41.18
C0025,Rahul Verma,66,Male,Hyderabad,South,Software Engineer,Home & Kitchen,Ceramic Mug Set,2024-05-31,1,534.34,507.62,Debit Card,Online,Standard,Silver,0.05,27,2024-12-24,False,2024,5,May,Q2,22,Friday,False,Spring,False,Spring,55+,26.72,320.6,187.02,36.84
C0119,Shreya Nair,40,Female,Noida,North,Entrepreneur,Clothing,Athletic Shorts,2024-03-29,1,1108.54,1108.54,Cash on Delivery,In-Store,Standard,Regular,0.0,36,2024-12-31,False,2024,3,March,Q1,13,Friday,False,Spring,False,Spring,35-44,0.0,498.84,609.7,55.0
C0115,Amit Patel,47,Male,Jaipur,North,Sales Executive,Sports & Fitness,Yoga Mat,2024-09-27,1,1253.5,1065.47,UPI,Online,Standard,Regular,0.15,14,2024-11-28,False,2024,9,September,Q3,39,Friday,False,Autumn,False,Autumn,45-54,188.02,626.75,438.72,41.18
C0094,Siddharth Kumar,38,Female,Bhubaneswar,East,Marketing Specialist,Beauty & Personal Care,Herbal Shampoo,2024-12-05,1,604.02,573.82,UPI,Online,Standard,Regular,0.05,16,2024-12-05,False,2024,12,December,Q4,49,Thursday,False,Winter,True,Festive Peak (Q4),35-44,30.2,211.41,362.41,63.16
C0018,Pooja Bose,40,Female,Bhubaneswar,East,Entrepreneur,Home & Kitchen,Electric Blender,2024-03-18,4,2090.98,7945.72,Cash on Delivery,Online,Standard,Silver,0.05,10,2024-11-27,False,2024,3,March,Q1,12,Monday,False,Spring,False,Spring,35-44,418.2,1254.59,2927.36,36.84
C0078,Karan Kumar,20,Female,Chennai,South,Accountant,Beauty & Personal Care,Sunscreen SPF 50,2024-10-05,1,1024.19,1024.19,Net Banking,Online,Standard,Silver,0.0,11,2024-10-05,False,2024,10,October,Q4,40,Saturday,True,Autumn,True,Festive Peak (Q4),18-24,0.0,358.47,665.72,65.0
C0080,Vikram Patel,36,Other,Noida,North,Architect,Beauty & Personal Care,Perfume Spray,2024-04-22,3,2069.75,5588.32,Credit Card,In-Store,Standard,Silver,0.1,16,2024-12-24,True,2024,4,April,Q2,17,Monday,False,Spring,False,Spring,35-44,620.93,724.41,3415.09,61.11
C0030,Pooja Gupta,20,Female,Mumbai,West,Consultant,Clothing,Cotton T-Shirt,2024-01-15,1,694.32,694.32,UPI,Online,Standard,Gold,0.0,20,2024-12-13,False,2024,1,January,Q1,3,Monday,False,Winter,False,Winter,18-24,0.0,312.44,381.88,55.0
C0137,Aarav Bose,38,Male,Mumbai,West,Teacher,Sports & Fitness,Adjustable Dumbbells,2024-04-17,1,2550.31,2550.31,Debit Card,In-Store,Standard,Regular,0.0,15,2024-12-26,False,2024,4,April,Q2,16,Wednesday,False,Spring,False,Spring,35-44,0.0,1275.16,1275.15,50.0
C0130,Riya Singh,48,Male,Hyderabad,South,Product Manager,Beauty & Personal Care,Sunscreen SPF 50,2024-07-26,1,497.49,497.49,Net Banking,Online,Standard,Silver,0.0,20,2024-12-21,False,2024,7,July,Q3,30,Friday,False,Summer,False,Summer,45-54,0.0,174.12,323.37,65.0
C0111,Ananya Sharma,36,Male,Pune,West,Teacher,Electronics,USB-C Hub,2024-02-06,2,1017.45,1933.16,UPI,In-Store,Standard,Regular,0.05,14,2024-10-12,False,2024,2,February,Q1,6,Tuesday,False,Winter,False,Winter,35-44,101.74,712.22,508.72,26.32
C0079,Shreya Sharma,23,Female,Pune,West,Teacher,Electronics,Wireless Headphones,2024-09-16,3,2261.09,6444.11,Credit Card,Online,Standard,Regular,0.05,18,2024-12-01,False,2024,9,September,Q3,38,Monday,False,Autumn,False,Autumn,18-24,339.16,1582.76,1695.83,26.32
C0067,Shreya Kumar,29,Male,Bangalore,South,Architect,Sports & Fitness,Adjustable Dumbbells,2024-08-09,2,3061.58,6123.16,Credit Card,Mobile App,Standard,Silver,0.0,10,2024-11-27,False,2024,8,August,Q3,32,Friday,False,Summer,False,Summer,25-34,0.0,1530.79,3061.58,50.0
C0110,Rohan Reddy,35,Male,Ahmedabad,West,Data Analyst,Beauty & Personal Care,Herbal Shampoo,2024-12-16,1,349.04,296.68,UPI,Online,Standard,Platinum,0.15,24,2024-12-16,False,2024,12,December,Q4,51,Monday,False,Winter,True,Festive Peak (Q4),35-44,52.36,122.16,174.52,58.82
C0094,Siddharth Kumar,38,Female,Bhubaneswar,East,Marketing Specialist,Sports & Fitness,Water Bottle 1L,2024-05-29,1,562.77,450.22,Net Banking,In-Store,Standard,Regular,0.2,16,2024-12-05,False,2024,5,May,Q2,22,Wednesday,False,Spring,False,Spring,35-44,112.55,281.38,168.84,37.5
C0014,Vikram Nair,58,Female,Chennai,South,Financial Analyst,Clothing,Slim Fit Jeans,2024-01-16,1,1435.32,1291.79,UPI,In-Store,Standard,Silver,0.1,19,2024-12-21,False,2024,1,January,Q1,3,Tuesday,False,Winter,False,Winter,55+,143.53,645.89,645.9,50.0
C0088,Ravi Deshmukh,51,Male,Delhi,North,Doctor,Beauty & Personal Care,Herbal Shampoo,2024-10-12,4,586.14,2344.56,UPI,Online,Standard,Gold,0.0,4,2024-10-12,False,2024,10,October,Q4,41,Saturday,True,Autumn,True,Festive Peak (Q4),45-54,0.0,205.15,1523.96,65.0
C0125,Ananya Kumar,55,Female,Delhi,North,Architect,Electronics,Bluetooth Speaker,2024-03-27,4,1700.16,6800.64,UPI,Online,Standard,Silver,0.0,9,2024-12-29,False,2024,3,March,Q1,13,Wednesday,False,Spring,False,Spring,55+,0.0,1190.11,2040.2,30.0
C0078,Karan Kumar,20,Female,Chennai,South,Accountant,Books,Atomic Habits,2024-01-16,1,583.35,554.18,Debit Card,Mobile App,Standard,Silver,0.05,11,2024-10-05,False,2024,1,January,Q1,3,Tuesday,False,Winter,False,Winter,18-24,29.17,233.34,320.84,57.89
C0013,Aarav Chopra,68,Female,Jaipur,North,Marketing Specialist,Electronics,USB-C Hub,2024-12-02,2,1370.8,2467.44,Credit Card,Mobile App,Standard,Regular,0.1,15,2024-12-02,False,2024,12,December,Q4,49,Monday,False,Winter,True,Festive Peak (Q4),55+,274.16,959.56,548.32,22.22
C0123,Ananya Joshi,54,Male,Jaipur,North,Doctor,Books,Business Strategy Guide,2024-09-08,1,500.08,475.08,UPI,Online,Standard,Gold,0.05,26,2024-12-26,False,2024,9,September,Q3,36,Sunday,True,Autumn,False,Autumn,45-54,25.0,200.03,275.05,57.9
C0035,Amit Sharma,55,Female,Jaipur,North,Sales Executive,Clothing,Athletic Shorts,2024-09-22,2,1122.79,1796.46,UPI,Online,Standard,Regular,0.2,8,2024-12-03,False,2024,9,September,Q3,38,Sunday,True,Autumn,False,Autumn,55+,449.12,505.26,785.94,43.75
C0041,Ravi Das,61,Female,Pune,West,Teacher,Beauty & Personal Care,Herbal Shampoo,2024-04-11,1,711.21,711.21,Debit Card,Online,Standard,Silver,0.0,12,2024-11-09,False,2024,4,April,Q2,15,Thursday,False,Spring,False,Spring,55+,0.0,248.92,462.29,65.0
C0030,Pooja Gupta,20,Female,Mumbai,West,Consultant,Electronics,USB-C Hub,2024-06-26,1,730.02,584.02,UPI,Online,Standard,Gold,0.2,20,2024-12-13,False,2024,6,June,Q2,26,Wednesday,False,Summer,False,Summer,18-24,146.0,511.01,73.01,12.5
C0055,Nikhil Sharma,56,Female,Pune,West,Teacher,Electronics,USB-C Hub,2024-03-24,1,747.82,710.43,UPI,In-Store,Standard,Regular,0.05,17,2024-11-02,False,2024,3,March,Q1,12,Sunday,True,Spring,False,Spring,55+,37.39,523.47,186.96,26.32
C0120,Tanvi Sharma,26,Female,Bhubaneswar,East,Financial Analyst,Electronics,Power Bank,2024-05-31,1,1680.81,1680.81,UPI,Online,Standard,Platinum,0.0,26,2024-12-25,False,2024,5,May,Q2,22,Friday,False,Spring,False,Spring,25-34,0.0,1176.57,504.24,30.0
C0089,Sneha Chopra,22,Other,Ahmedabad,West,Marketing Specialist,Beauty & Personal Care,Herbal Shampoo,2024-05-29,2,736.58,1399.5,UPI,Online,Standard,Platinum,0.05,14,2024-11-14,False,2024,5,May,Q2,22,Wednesday,False,Spring,False,Spring,18-24,73.66,257.8,883.9,63.16
C0036,Divya Das,19,Female,Chennai,South,Product Manager,Beauty & Personal Care,Sunscreen SPF 50,2024-08-14,1,495.36,495.36,Credit Card,Online,Standard,Regular,0.0,5,2024-09-20,False,2024,8,August,Q3,33,Wednesday,False,Summer,False,Summer,18-24,0.0,173.38,321.98,65.0
C0131,Ananya Mehta,64,Male,Noida,North,Student,Electronics,Wireless Headphones,2024-07-22,2,1727.88,3455.76,Credit Card,Online,Standard,Platinum,0.0,43,2024-12-29,False,2024,7,July,Q3,30,Monday,False,Summer,False,Summer,55+,0.0,1209.52,1036.72,30.0
C0131,Ananya Mehta,64,Male,Noida,North,Student,Clothing,Athletic Shorts,2024-04-15,1,787.35,708.62,Credit Card,Online,Standard,Platinum,0.1,43,2024-12-29,False,2024,4,April,Q2,16,Monday,False,Spring,False,Spring,55+,78.74,354.31,354.31,50.0
C0131,Ananya Mehta,64,Male,Noida,North,Student,Sports & Fitness,Running Shoes,2024-04-25,3,5164.59,15493.77,UPI,Online,Standard,Platinum,0.0,43,2024-12-29,True,2024,4,April,Q2,17,Thursday,False,Spring,False,Spring,55+,0.0,2582.3,7746.87,50.0
C0040,Aarav Chopra,22,Male,Jaipur,North,Product Manager,Home & Kitchen,Coffee Maker,2024-12-02,5,2630.15,11178.14,UPI,Mobile App,Standard,Gold,0.15,36,2024-12-27,True,2024,12,December,Q4,49,Monday,False,Winter,True,Festive Peak (Q4),18-24,1972.61,1578.09,3287.69,29.41
C0077,Arjun Kumar,62,Male,Kolkata,East,Product Manager,Electronics,Power Bank,2024-12-18,1,844.02,759.62,Net Banking,In-Store,Standard,Gold,0.1,11,2024-12-18,False,2024,12,December,Q4,51,Wednesday,False,Winter,True,Festive Peak (Q4),55+,84.4,590.81,168.81,22.22
C0148,Divya Kumar,25,Male,Bangalore,South,Marketing Specialist,Books,Business Strategy Guide,2024-08-24,2,704.62,1409.24,Credit Card,In-Store,Standard,Silver,0.0,9,2024-12-20,False,2024,8,August,Q3,34,Saturday,True,Summer,False,Summer,25-34,0.0,281.85,845.54,60.0
C0120,Tanvi Sharma,26,Female,Bhubaneswar,East,Financial Analyst,Clothing,Formal Shirt,2024-12-01,4,2060.94,7831.57,UPI,Mobile App,Standard,Platinum,0.05,26,2024-12-25,False,2024,12,December,Q4,48,Sunday,True,Winter,True,Festive Peak (Q4),25-34,412.19,927.42,4121.89,52.63
C0005,Meera Mukherjee,61,Female,Chennai,South,Marketing Specialist,Clothing,Athletic Shorts,2024-01-23,1,529.74,529.74,Debit Card,In-Store,Standard,Regular,0.0,19,2024-12-18,False,2024,1,January,Q1,4,Tuesday,False,Winter,False,Winter,55+,0.0,238.38,291.36,55.0
C0014,Vikram Nair,58,Female,Chennai,South,Financial Analyst,Electronics,USB-C Hub,2024-11-15,3,1383.73,3943.63,Net Banking,In-Store,Standard,Silver,0.05,19,2024-12-21,False,2024,11,November,Q4,46,Friday,False,Autumn,True,Festive Peak (Q4),55+,207.56,968.61,1037.8,26.32
C0079,Shreya Sharma,23,Female,Pune,West,Teacher,Home & Kitchen,Non-Stick Frying Pan,2024-04-15,3,1364.3,4092.9,Debit Card,Online,Standard,Regular,0.0,18,2024-12-01,False,2024,4,April,Q2,16,Monday,False,Spring,False,Spring,18-24,0.0,818.58,1637.16,40.0
C0134,Divya Reddy,64,Female,Bhubaneswar,East,Accountant,Books,Atomic Habits,2024-11-10,1,797.93,718.14,Cash on Delivery,Online,Standard,Gold,0.1,11,2024-11-29,False,2024,11,November,Q4,45,Sunday,True,Autumn,True,Festive Peak (Q4),55+,79.79,319.17,398.97,55.56
C0093,Aarav Singh,22,Male,Bhubaneswar,East,Architect,Books,Python Programming,2024-09-05,1,638.92,606.97,UPI,Mobile App,Standard,Platinum,0.05,5,2024-09-05,False,2024,9,September,Q3,36,Thursday,False,Autumn,False,Autumn,18-24,31.95,255.57,351.4,57.89
C0084,Riya Mukherjee,26,Male,Mumbai,West,Entrepreneur,Books,Psychology of Money,2024-06-13,2,502.72,854.62,UPI,Mobile App,Standard,Regular,0.15,11,2024-12-04,False,2024,6,June,Q2,24,Thursday,False,Summer,False,Summer,25-34,150.82,201.09,452.44,52.94
C0022,Tanvi Deshmukh,20,Male,Hyderabad,South,Student,Clothing,Slim Fit Jeans,2024-12-15,5,2031.25,8632.81,Debit Card,Online,Standard,Silver,0.15,8,2024-12-15,True,2024,12,December,Q4,50,Sunday,True,Winter,True,Festive Peak (Q4),18-24,1523.44,914.06,4062.51,47.06
C0110,Rohan Reddy,35,Male,Ahmedabad,West,Data Analyst,Electronics,Smartwatch,2024-06-24,3,5643.18,15236.59,UPI,Mobile App,Standard,Platinum,0.1,24,2024-12-16,True,2024,6,June,Q2,26,Monday,False,Summer,False,Summer,35-44,1692.95,3950.23,3385.9,22.22
C0126,Siddharth Kumar,31,Male,Hyderabad,South,Marketing Specialist,Electronics,USB-C Hub,2024-06-16,2,1281.89,2563.78,UPI,In-Store,Standard,Silver,0.0,19,2024-12-24,False,2024,6,June,Q2,24,Sunday,True,Summer,False,Summer,25-34,0.0,897.32,769.14,30.0
C0061,Tanvi Iyer,67,Female,Delhi,North,Software Engineer,Electronics,Wireless Headphones,2024-11-07,1,3622.36,3441.24,UPI,In-Store,Standard,Regular,0.05,13,2024-12-08,False,2024,11,November,Q4,45,Thursday,False,Autumn,True,Festive Peak (Q4),55+,181.12,2535.65,905.59,26.32
C0122,Amit Reddy,29,Male,Delhi,North,Financial Analyst,Books,Business Strategy Guide,2024-10-07,1,943.46,943.46,Net Banking,Online,Standard,Regular,0.0,13,2024-12-21,False,2024,10,October,Q4,41,Monday,False,Autumn,True,Festive Peak (Q4),25-34,0.0,377.38,566.08,60.0
C0143,Karan Sharma,71,Female,Hyderabad,South,Software Engineer,Clothing,Cotton T-Shirt,2024-05-14,2,495.81,991.62,Cash on Delivery,Mobile App,Standard,Silver,0.0,10,2024-12-19,False,2024,5,May,Q2,20,Tuesday,False,Spring,False,Spring,55+,0.0,223.11,545.4,55.0
C0036,Divya Das,19,Female,Chennai,South,Product Manager,Electronics,Smartwatch,2024-07-10,2,4508.15,9016.3,UPI,Online,Standard,Regular,0.0,5,2024-09-20,False,2024,7,July,Q3,28,Wednesday,False,Summer,False,Summer,18-24,0.0,3155.7,2704.9,30.0
C0089,Sneha Chopra,22,Other,Ahmedabad,West,Marketing Specialist,Beauty & Personal Care,Perfume Spray,2024-09-22,3,2489.64,6722.03,Credit Card,Mobile App,Standard,Platinum,0.1,14,2024-11-14,True,2024,9,September,Q3,38,Sunday,True,Autumn,False,Autumn,18-24,746.89,871.37,4107.92,61.11
C0047,Rahul Reddy,62,Male,Hyderabad,South,Sales Executive,Home & Kitchen,Stainless Steel Knife Set,2024-10-28,1,1476.6,1476.6,UPI,Mobile App,Standard,Regular,0.0,5,2024-12-17,False,2024,10,October,Q4,44,Monday,False,Autumn,True,Festive Peak (Q4),55+,0.0,885.96,590.64,40.0
C0123,Ananya Joshi,54,Male,Jaipur,North,Doctor,Clothing,Slim Fit Jeans,2024-09-24,3,2980.53,7153.27,Debit Card,Online,Standard,Gold,0.2,26,2024-12-26,False,2024,9,September,Q3,39,Tuesday,False,Autumn,False,Autumn,45-54,1788.32,1341.24,3129.55,43.75
C0099,Arjun Mukherjee,40,Male,Bhubaneswar,East,Teacher,Books,Python Programming,2024-11-29,22,606.32,12672.09,UPI,In-Store,Standard,Regular,0.05,10,2024-12-30,True,2024,11,November,Q4,48,Friday,False,Autumn,True,Festive Peak (Q4),35-44,666.95,242.53,7336.43,57.89
C0106,Manish Bose,62,Male,Bhubaneswar,East,Financial Analyst,Electronics,USB-C Hub,2024-11-02,1,949.24,854.32,Cash on Delivery,Online,Standard,Gold,0.1,31,2024-12-30,False,2024,11,November,Q4,44,Saturday,True,Autumn,True,Festive Peak (Q4),55+,94.92,664.47,189.85,22.22
C0123,Ananya Joshi,54,Male,Jaipur,North,Doctor,Home & Kitchen,Coffee Maker,2024-12-26,2,2505.48,5010.96,Credit Card,In-Store,Standard,Gold,0.0,26,2024-12-26,False,2024,12,December,Q4,52,Thursday,False,Winter,True,Festive Peak (Q4),45-54,0.0,1503.29,2004.38,40.0
C0063,Varun Chopra,68,Female,Bangalore,South,Software Engineer,Clothing,Athletic Shorts,2024-01-03,1,513.81,436.74,Cash on Delivery,Online,Standard,Regular,0.15,5,2024-11-10,False,2024,1,January,Q1,1,Wednesday,False,Winter,False,Winter,55+,77.07,231.21,205.53,47.06
C0134,Divya Reddy,64,Female,Bhubaneswar,East,Accountant,Clothing,Formal Shirt,2024-03-08,3,2158.16,6474.48,Credit Card,Online,Standard,Gold,0.0,11,2024-11-29,False,2024,3,March,Q1,10,Friday,False,Spring,False,Spring,55+,0.0,971.17,3560.97,55.0
C0092,Aditi Chopra,51,Male,Jaipur,North,Student,Electronics,USB-C Hub,2024-01-25,1,1276.62,1276.62,Net Banking,Online,Standard,Silver,0.0,9,2024-09-23,False,2024,1,January,Q1,4,Thursday,False,Winter,False,Winter,45-54,0.0,893.63,382.99,30.0
C0028,Shreya Joshi,55,Male,Mumbai,West,Data Analyst,Sports & Fitness,Water Bottle 1L,2024-03-12,1,533.93,533.93,Credit Card,Online,Standard,Platinum,0.0,14,2024-12-30,False,2024,3,March,Q1,11,Tuesday,False,Spring,False,Spring,55+,0.0,266.96,266.97,50.0
C0114,Rohan Gupta,53,Other,Ahmedabad,West,Data Analyst,Books,Psychology of Money,2024-12-05,2,411.33,658.13,Debit Card,Online,Standard,Platinum,0.2,11,2024-12-11,False,2024,12,December,Q4,49,Thursday,False,Winter,True,Festive Peak (Q4),45-54,164.53,164.53,329.07,50.0
C0123,Ananya Joshi,54,Male,Jaipur,North,Doctor,Books,Business Strategy Guide,2024-11-07,1,919.29,827.36,Cash on Delivery,Online,Standard,Gold,0.1,26,2024-12-26,False,2024,11,November,Q4,45,Thursday,False,Autumn,True,Festive Peak (Q4),45-54,91.93,367.72,459.64,55.56
C0052,Varun Verma,59,Male,Delhi,North,Financial Analyst,Clothing,Formal Shirt,2024-03-02,5,1483.64,5934.56,UPI,In-Store,Standard,Silver,0.2,1,2024-03-02,False,2024,3,March,Q1,9,Saturday,True,Spring,False,Spring,55+,1483.64,667.64,2596.36,43.75
C0131,Ananya Mehta,64,Male,Noida,North,Student,Home & Kitchen,Ceramic Mug Set,2024-03-12,1,504.73,479.49,UPI,Online,Standard,Platinum,0.05,43,2024-12-29,False,2024,3,March,Q1,11,Tuesday,False,Spring,False,Spring,55+,25.24,302.84,176.65,36.84
C0134,Divya Reddy,64,Female,Bhubaneswar,East,Accountant,Books,Python Programming,2024-04-23,1,564.44,508.0,Debit Card,Online,Standard,Gold,0.1,11,2024-11-29,False,2024,4,April,Q2,17,Tuesday,False,Spring,False,Spring,55+,56.44,225.78,282.22,55.56
C0045,Priya Verma,34,Female,Chennai,South,Student,Home & Kitchen,Non-Stick Frying Pan,2024-07-12,3,1085.91,3094.84,Credit Card,In-Store,Standard,Regular,0.05,19,2024-12-20,False,2024,7,July,Q3,28,Friday,False,Summer,False,Summer,25-34,162.89,651.55,1140.19,36.84
C0148,Divya Kumar,25,Male,Bangalore,South,Marketing Specialist,Books,Psychology of Money,2024-09-15,2,563.64,901.82,UPI,Online,Standard,Silver,0.2,9,2024-12-20,False,2024,9,September,Q3,37,Sunday,True,Autumn,False,Autumn,25-34,225.46,225.46,450.9,50.0
C0026,Aditi Verma,71,Male,Delhi,North,Software Engineer,Books,Business Strategy Guide,2024-12-18,1,813.3,772.63,Cash on Delivery,In-Store,Standard,Silver,0.05,9,2024-12-18,False,2024,12,December,Q4,51,Wednesday,False,Winter,True,Festive Peak (Q4),55+,40.66,325.32,447.31,57.89
C0035,Amit Sharma,55,Female,Jaipur,North,Sales Executive,Clothing,Casual Jacket,2024-09-24,4,3940.42,14973.6,Credit Card,Mobile App,Standard,Regular,0.05,8,2024-12-03,True,2024,9,September,Q3,39,Tuesday,False,Autumn,False,Autumn,55+,788.08,1773.19,7880.84,52.63
C0031,Aarav Iyer,57,Male,Chennai,South,Architect,Sports & Fitness,Resistance Bands Set,2024-04-25,1,572.13,457.7,UPI,In-Store,Standard,Silver,0.2,12,2024-10-25,False,2024,4,April,Q2,17,Thursday,False,Spring,False,Spring,55+,114.43,286.06,171.64,37.5
C0132,Arjun Patel,43,Male,Pune,West,Product Manager,Clothing,Cotton T-Shirt,2024-09-14,1,900.47,900.47,Credit Card,In-Store,Standard,Gold,0.0,21,2024-12-03,False,2024,9,September,Q3,37,Saturday,True,Autumn,False,Autumn,35-44,0.0,405.21,495.26,55.0
C0110,Rohan Reddy,35,Male,Ahmedabad,West,Data Analyst,Books,Atomic Habits,2024-04-02,1,509.21,509.21,UPI,Mobile App,Standard,Platinum,0.0,24,2024-12-16,False,2024,4,April,Q2,14,Tuesday,False,Spring,False,Spring,35-44,0.0,203.68,305.53,60.0
C0028,Shreya Joshi,55,Male,Mumbai,West,Data Analyst,Beauty & Personal Care,Sunscreen SPF 50,2024-09-13,1,878.61,878.61,Debit Card,Online,Standard,Platinum,0.0,14,2024-12-30,False,2024,9,September,Q3,37,Friday,False,Autumn,False,Autumn,55+,0.0,307.51,571.1,65.0
C0075,Sneha Gupta,18,Female,Delhi,North,Consultant,Books,Data Analytics Handbook,2024-02-23,4,862.57,2760.22,Net Banking,Mobile App,Standard,Regular,0.2,2,2024-12-31,False,2024,2,February,Q1,8,Friday,False,Winter,False,Winter,18-24,690.06,345.03,1380.1,50.0
C0104,Shreya Bose,65,Male,Kolkata,East,Product Manager,Sports & Fitness,Adjustable Dumbbells,2024-05-02,3,2919.11,7881.6,Net Banking,Online,Standard,Regular,0.1,22,2024-12-24,False,2024,5,May,Q2,18,Thursday,False,Spring,False,Spring,55+,875.73,1459.56,3502.92,44.44
C0018,Pooja Bose,40,Female,Bhubaneswar,East,Entrepreneur,Clothing,Casual Jacket,2024-05-31,2,2679.33,5090.73,UPI,Online,Standard,Silver,0.05,10,2024-11-27,False,2024,5,May,Q2,22,Friday,False,Spring,False,Spring,35-44,267.93,1205.7,2679.33,52.63
C0132,Arjun Patel,43,Male,Pune,West,Product Manager,Electronics,Bluetooth Speaker,2024-10-27,1,3122.21,3122.21,Credit Card,Mobile App,Standard,Gold,0.0,21,2024-12-03,False,2024,10,October,Q4,43,Sunday,True,Autumn,True,Festive Peak (Q4),35-44,0.0,2185.55,936.66,30.0
C0125,Ananya Kumar,55,Female,Delhi,North,Architect,Clothing,Slim Fit Jeans,2024-09-06,1,1515.31,1363.78,Debit Card,In-Store,Standard,Silver,0.1,9,2024-12-29,False,2024,9,September,Q3,36,Friday,False,Autumn,False,Autumn,55+,151.53,681.89,681.89,50.0
C0087,Divya Das,28,Female,Chennai,South,Teacher,Sports & Fitness,Resistance Bands Set,2024-02-16,1,550.66,523.13,UPI,In-Store,Standard,Regular,0.05,7,2024-11-22,False,2024,2,February,Q1,7,Friday,False,Winter,False,Winter,25-34,27.53,275.33,247.8,47.37
C0144,Varun Bose,36,Male,Delhi,North,Entrepreneur,Home & Kitchen,Stainless Steel Knife Set,2024-02-09,2,1563.71,3127.42,UPI,Online,Standard,Silver,0.0,5,2024-12-06,False,2024,2,February,Q1,6,Friday,False,Winter,False,Winter,35-44,0.0,938.23,1250.96,40.0
C0069,Neha Deshmukh,36,Male,Bangalore,South,Accountant,Books,Data Analytics Handbook,2024-02-24,2,998.63,1997.26,UPI,Mobile App,Standard,Regular,0.0,8,2024-11-20,False,2024,2,February,Q1,8,Saturday,True,Winter,False,Winter,35-44,0.0,399.45,1198.36,60.0
C0148,Divya Kumar,25,Male,Bangalore,South,Marketing Specialist,Home & Kitchen,Ceramic Mug Set,2024-01-29,1,648.05,583.24,UPI,Mobile App,Standard,Silver,0.1,9,2024-12-20,False,2024,1,January,Q1,5,Monday,False,Winter,False,Winter,25-34,64.8,388.83,194.41,33.33
C0111,Ananya Sharma,36,Male,Pune,West,Teacher,Electronics,Smartwatch,2024-01-04,1,3687.82,2950.26,UPI,Online,Standard,Regular,0.2,14,2024-10-12,False,2024,1,January,Q1,1,Thursday,False,Winter,False,Winter,35-44,737.56,2581.47,368.79,12.5
C0106,Manish Bose,62,Male,Bhubaneswar,East,Financial Analyst,Clothing,Casual Jacket,2024-06-04,2,2946.47,5892.94,Net Banking,Mobile App,Standard,Gold,0.0,31,2024-12-30,False,2024,6,June,Q2,23,Tuesday,False,Summer,False,Summer,55+,0.0,1325.91,3241.12,55.0
C0132,Arjun Patel,43,Male,Pune,West,Product Manager,Clothing,Cotton T-Shirt,2024-12-03,1,839.93,839.93,UPI,Online,Standard,Gold,0.0,21,2024-12-03,False,2024,12,December,Q4,49,Tuesday,False,Winter,True,Festive Peak (Q4),35-44,0.0,377.97,461.96,55.0
C0072,Priya Nair,22,Female,Bhubaneswar,East,Student,Beauty & Personal Care,Moisturizing Cream,2024-04-24,3,504.2,1512.6,Credit Card,Mobile App,Standard,Gold,0.0,5,2024-08-29,False,2024,4,April,Q2,17,Wednesday,False,Spring,False,Spring,18-24,0.0,176.47,983.19,65.0
C0029,Amit Mukherjee,26,Male,Ahmedabad,West,Entrepreneur,Books,Atomic Habits,2024-01-16,5,533.49,2667.45,UPI,Online,Standard,Regular,0.0,6,2024-11-12,False,2024,1,January,Q1,3,Tuesday,False,Winter,False,Winter,25-34,0.0,213.4,1600.45,60.0
C0003,Nikhil Verma,47,Male,Pune,West,Software Engineer,Books,Data Analytics Handbook,2024-08-11,1,662.7,530.16,UPI,Online,Standard,Silver,0.2,5,2024-11-20,False,2024,8,August,Q3,32,Sunday,True,Summer,False,Summer,45-54,132.54,265.08,265.08,50.0
C0097,Vikram Deshmukh,27,Female,Kolkata,East,Software Engineer,Electronics,Power Bank,2024-03-14,3,1440.21,3456.5,Credit Card,Online,Standard,Silver,0.2,15,2024-10-29,False,2024,3,March,Q1,11,Thursday,False,Spring,False,Spring,25-34,864.13,1008.15,432.05,12.5
C0092,Aditi Chopra,51,Male,Jaipur,North,Student,Clothing,Slim Fit Jeans,2024-01-26,2,2624.34,4986.25,Debit Card,Online,Standard,Silver,0.05,9,2024-09-23,False,2024,1,January,Q1,4,Friday,False,Winter,False,Winter,45-54,262.43,1180.95,2624.35,52.63
C0117,Pooja Gupta,50,Female,Delhi,North,Designer,Books,Data Analytics Handbook,2024-02-20,2,1089.33,1742.93,Credit Card,Mobile App,Standard,Regular,0.2,6,2024-11-26,False,2024,2,February,Q1,8,Tuesday,False,Winter,False,Winter,45-54,435.73,435.73,871.47,50.0
C0132,Arjun Patel,43,Male,Pune,West,Product Manager,Beauty & Personal Care,Perfume Spray,2024-04-19,2,2575.14,5150.28,Credit Card,Mobile App,Standard,Gold,0.0,21,2024-12-03,True,2024,4,April,Q2,16,Friday,False,Spring,False,Spring,35-44,0.0,901.3,3347.68,65.0
C0017,Karan Mukherjee,59,Male,Jaipur,North,Consultant,Clothing,Slim Fit Jeans,2024-09-30,3,1661.55,4735.42,UPI,Online,Standard,Silver,0.05,7,2024-12-08,False,2024,9,September,Q3,40,Monday,False,Autumn,False,Autumn,55+,249.23,747.7,2492.32,52.63
C0119,Shreya Nair,40,Female,Noida,North,Entrepreneur,Books,Psychology of Money,2024-07-10,5,513.99,2184.46,Debit Card,In-Store,Standard,Regular,0.15,36,2024-12-31,False,2024,7,July,Q3,28,Wednesday,False,Summer,False,Summer,35-44,385.49,205.6,1156.46,52.94
C0031,Aarav Iyer,57,Male,Chennai,South,Architect,Clothing,Athletic Shorts,2024-03-14,1,823.4,823.4,Credit Card,Mobile App,Standard,Silver,0.0,12,2024-10-25,False,2024,3,March,Q1,11,Thursday,False,Spring,False,Spring,55+,0.0,370.53,452.87,55.0
C0131,Ananya Mehta,64,Male,Noida,North,Student,Clothing,Formal Shirt,2024-09-10,2,1254.37,2257.87,Cash on Delivery,Mobile App,Standard,Platinum,0.1,43,2024-12-29,False,2024,9,September,Q3,37,Tuesday,False,Autumn,False,Autumn,55+,250.87,564.47,1128.93,50.0
C0126,Siddharth Kumar,31,Male,Hyderabad,South,Marketing Specialist,Beauty & Personal Care,Moisturizing Cream,2024-08-18,1,555.56,555.56,Cash on Delivery,Online,Standard,Silver,0.0,19,2024-12-24,False,2024,8,August,Q3,33,Sunday,True,Summer,False,Summer,25-34,0.0,194.45,361.11,65.0
C0094,Siddharth Kumar,38,Female,Bhubaneswar,East,Marketing Specialist,Home & Kitchen,Coffee Maker,2024-06-08,1,3587.18,3049.1,UPI,In-Store,Standard,Regular,0.15,16,2024-12-05,False,2024,6,June,Q2,23,Saturday,True,Summer,False,Summer,35-44,538.08,2152.31,896.79,29.41
C0115,Amit Patel,47,Male,Jaipur,North,Sales Executive,Electronics,Bluetooth Speaker,2024-06-28,1,1781.16,1692.1,Debit Card,Online,Standard,Regular,0.05,14,2024-11-28,False,2024,6,June,Q2,26,Friday,False,Summer,False,Summer,45-54,89.06,1246.81,445.29,26.32
C0051,Varun Das,47,Female,Bangalore,South,Financial Analyst,Clothing,Casual Jacket,2024-07-18,2,3011.99,6023.98,Net Banking,Online,Standard,Regular,0.0,15,2024-12-16,False,2024,7,July,Q3,29,Thursday,False,Summer,False,Summer,45-54,0.0,1355.4,3313.18,55.0
C0079,Shreya Sharma,23,Female,Pune,West,Teacher,Home & Kitchen,Ceramic Mug Set,2024-12-01,4,909.69,3456.82,Net Banking,In-Store,Standard,Regular,0.05,18,2024-12-01,False,2024,12,December,Q4,48,Sunday,True,Winter,True,Festive Peak (Q4),18-24,181.94,545.81,1273.58,36.84
C0126,Siddharth Kumar,31,Male,Hyderabad,South,Marketing Specialist,Sports & Fitness,Adjustable Dumbbells,2024-08-03,1,3222.49,3061.37,Credit Card,Mobile App,Standard,Silver,0.05,19,2024-12-24,False,2024,8,August,Q3,31,Saturday,True,Summer,False,Summer,25-34,161.12,1611.24,1450.13,47.37
C0078,Karan Kumar,20,Female,Chennai,South,Accountant,Electronics,Smartwatch,2024-07-17,1,7772.28,6995.05,Debit Card,Online,Standard,Silver,0.1,11,2024-10-05,False,2024,7,July,Q3,29,Wednesday,False,Summer,False,Summer,18-24,777.23,5440.6,1554.45,22.22
C0058,Meera Mehta,50,Male,Pune,West,Consultant,Books,Business Strategy Guide,2024-11-10,1,719.1,647.19,UPI,Online,Standard,Gold,0.1,4,2024-12-18,False,2024,11,November,Q4,45,Sunday,True,Autumn,True,Festive Peak (Q4),45-54,71.91,287.64,359.55,55.56
C0084,Riya Mukherjee,26,Male,Mumbai,West,Entrepreneur,Sports & Fitness,Resistance Bands Set,2024-07-22,5,1079.75,4858.88,UPI,Online,Standard,Regular,0.1,11,2024-12-04,False,2024,7,July,Q3,30,Monday,False,Summer,False,Summer,25-34,539.88,539.88,2159.48,44.44
C0128,Aarav Patel,53,Other,Chennai,South,Software Engineer,Home & Kitchen,Electric Blender,2024-02-26,2,2474.32,4948.64,Debit Card,Online,Standard,Regular,0.0,8,2024-11-18,False,2024,2,February,Q1,9,Monday,False,Winter,False,Winter,45-54,0.0,1484.59,1979.46,40.0
C0055,Nikhil Sharma,56,Female,Pune,West,Teacher,Books,Data Analytics Handbook,2024-05-05,2,865.39,1644.24,UPI,Mobile App,Standard,Regular,0.05,17,2024-11-02,False,2024,5,May,Q2,18,Sunday,True,Spring,False,Spring,55+,86.54,346.16,951.92,57.89
C0030,Pooja Gupta,20,Female,Mumbai,West,Consultant,Clothing,Cotton T-Shirt,2024-08-19,4,601.68,2286.38,UPI,Online,Standard,Gold,0.05,20,2024-12-13,False,2024,8,August,Q3,34,Monday,False,Summer,False,Summer,18-24,120.34,270.76,1203.34,52.63
C0115,Amit Patel,47,Male,Jaipur,North,Sales Executive,Beauty & Personal Care,Face Cleanser,2024-09-13,1,342.79,342.79,Credit Card,In-Store,Standard,Regular,0.0,14,2024-11-28,False,2024,9,September,Q3,37,Friday,False,Autumn,False,Autumn,45-54,0.0,119.98,222.81,65.0
C0128,Aarav Patel,53,Other,Chennai,South,Software Engineer,Books,Python Programming,2024-04-06,1,999.27,999.27,UPI,Online,Standard,Regular,0.0,8,2024-11-18,False,2024,4,April,Q2,14,Saturday,True,Spring,False,Spring,45-54,0.0,399.71,599.56,60.0
C0021,Manish Chopra,56,Female,Delhi,North,Architect,Sports & Fitness,Resistance Bands Set,2024-07-16,2,1093.08,2186.16,UPI,In-Store,Standard,Platinum,0.0,4,2024-11-29,False,2024,7,July,Q3,29,Tuesday,False,Summer,False,Summer,55+,0.0,546.54,1093.08,50.0
C0040,Aarav Chopra,22,Male,Jaipur,North,Product Manager,Electronics,Bluetooth Speaker,2024-09-02,3,1664.46,4494.04,UPI,Online,Standard,Gold,0.1,36,2024-12-27,False,2024,9,September,Q3,36,Monday,False,Autumn,False,Autumn,18-24,499.34,1165.12,998.68,22.22
C0026,Aditi Verma,71,Male,Delhi,North,Software Engineer,Clothing,Slim Fit Jeans,2024-02-24,1,1595.55,1436.0,Credit Card,Online,Standard,Silver,0.1,9,2024-12-18,False,2024,2,February,Q1,8,Saturday,True,Winter,False,Winter,55+,159.56,718.0,718.0,50.0
C0056,Rohan Chopra,33,Male,Ahmedabad,West,Architect,Beauty & Personal Care,Sunscreen SPF 50,2024-05-12,2,511.08,817.73,Credit Card,In-Store,Standard,Silver,0.2,15,2024-12-20,False,2024,5,May,Q2,19,Sunday,True,Spring,False,Spring,25-34,204.43,178.88,459.97,56.25
C0077,Arjun Kumar,62,Male,Kolkata,East,Product Manager,Books,Python Programming,2024-12-15,2,652.74,1305.48,UPI,Mobile App,Standard,Gold,0.0,11,2024-12-18,False,2024,12,December,Q4,50,Sunday,True,Winter,True,Festive Peak (Q4),55+,0.0,261.1,783.28,60.0
C0119,Shreya Nair,40,Female,Noida,North,Entrepreneur,Home & Kitchen,Ceramic Mug Set,2024-03-18,1,494.61,445.15,Credit Card,In-Store,Standard,Regular,0.1,36,2024-12-31,False,2024,3,March,Q1,12,Monday,False,Spring,False,Spring,35-44,49.46,296.77,148.38,33.33
C0110,Rohan Reddy,35,Male,Ahmedabad,West,Data Analyst,Books,Atomic Habits,2024-06-20,2,736.88,1400.07,UPI,Online,Standard,Platinum,0.05,24,2024-12-16,False,2024,6,June,Q2,25,Thursday,False,Summer,False,Summer,35-44,73.69,294.75,810.57,57.89
C0106,Manish Bose,62,Male,Bhubaneswar,East,Financial Analyst,Sports & Fitness,Yoga Mat,2024-08-15,2,899.77,1709.56,Debit Card,Online,Standard,Gold,0.05,31,2024-12-30,False,2024,8,August,Q3,33,Thursday,False,Summer,False,Summer,55+,89.98,449.88,809.8,47.37
C0057,Vikram Mukherjee,47,Female,Mumbai,West,Doctor,Beauty & Personal Care,Face Cleanser,2024-10-14,1,281.47,225.18,Debit Card,Online,Standard,Silver,0.2,11,2024-12-15,False,2024,10,October,Q4,42,Monday,False,Autumn,True,Festive Peak (Q4),45-54,56.29,98.51,126.67,56.25
C0079,Shreya Sharma,23,Female,Pune,West,Teacher,Sports & Fitness,Resistance Bands Set,2024-03-27,2,605.69,1211.38,UPI,In-Store,Standard,Regular,0.0,18,2024-12-01,False,2024,3,March,Q1,13,Wednesday,False,Spring,False,Spring,18-24,0.0,302.85,605.68,50.0
C0147,Priya Nair,63,Female,Delhi,North,Consultant,Clothing,Athletic Shorts,2024-08-28,1,1130.43,1017.39,Credit Card,Online,Standard,Regular,0.1,2,2024-08-28,False,2024,8,August,Q3,35,Wednesday,False,Summer,False,Summer,55+,113.04,508.69,508.7,50.0
C0106,Manish Bose,62,Male,Bhubaneswar,East,Financial Analyst,Home & Kitchen,Ceramic Mug Set,2024-06-27,2,459.21,918.42,Debit Card,In-Store,Standard,Gold,0.0,31,2024-12-30,False,2024,6,June,Q2,26,Thursday,False,Summer,False,Summer,55+,0.0,275.53,367.36,40.0
C0025,Rahul Verma,66,Male,Hyderabad,South,Software Engineer,Home & Kitchen,Non-Stick Frying Pan,2024-09-25,1,1116.29,1004.66,Credit Card,Online,Standard,Silver,0.1,27,2024-12-24,False,2024,9,September,Q3,39,Wednesday,False,Autumn,False,Autumn,55+,111.63,669.77,334.89,33.33
C0112,Aditi Joshi,62,Male,Chennai,South,Software Engineer,Clothing,Slim Fit Jeans,2024-02-17,1,1335.58,1202.02,Credit Card,Online,Standard,Gold,0.1,13,2024-12-28,False,2024,2,February,Q1,7,Saturday,True,Winter,False,Winter,55+,133.56,601.01,601.01,50.0
C0055,Nikhil Sharma,56,Female,Pune,West,Teacher,Home & Kitchen,Stainless Steel Knife Set,2024-05-24,3,1066.11,3038.41,Debit Card,Online,Standard,Regular,0.05,17,2024-11-02,False,2024,5,May,Q2,21,Friday,False,Spring,False,Spring,55+,159.92,639.67,1119.4,36.84
C0113,Nikhil Singh,47,Male,Hyderabad,South,Consultant,Home & Kitchen,Coffee Maker,2024-01-21,5,3706.53,17606.02,Debit Card,Mobile App,Standard,Regular,0.05,8,2024-12-28,True,2024,1,January,Q1,3,Sunday,True,Winter,False,Winter,45-54,926.63,2223.92,6486.42,36.84
C0014,Vikram Nair,58,Female,Chennai,South,Financial Analyst,Beauty & Personal Care,Herbal Shampoo,2024-05-29,1,488.84,488.84,Debit Card,Online,Standard,Silver,0.0,19,2024-12-21,False,2024,5,May,Q2,22,Wednesday,False,Spring,False,Spring,55+,0.0,171.09,317.75,65.0
C0030,Pooja Gupta,20,Female,Mumbai,West,Consultant,Home & Kitchen,Ceramic Mug Set,2024-08-10,1,567.09,567.09,Debit Card,Online,Standard,Gold,0.0,20,2024-12-13,False,2024,8,August,Q3,32,Saturday,True,Summer,False,Summer,18-24,0.0,340.25,226.84,40.0
C0131,Ananya Mehta,64,Male,Noida,North,Student,Clothing,Slim Fit Jeans,2024-03-17,1,1691.08,1691.08,UPI,In-Store,Standard,Platinum,0.0,43,2024-12-29,False,2024,3,March,Q1,11,Sunday,True,Spring,False,Spring,55+,0.0,760.99,930.09,55.0
C0040,Aarav Chopra,22,Male,Jaipur,North,Product Manager,Clothing,Formal Shirt,2024-12-16,1,1133.8,1077.11,Cash on Delivery,Online,Standard,Gold,0.05,36,2024-12-27,False,2024,12,December,Q4,51,Monday,False,Winter,True,Festive Peak (Q4),18-24,56.69,510.21,566.9,52.63
C0130,Riya Singh,48,Male,Hyderabad,South,Product Manager,Beauty & Personal Care,Sunscreen SPF 50,2024-08-11,2,623.05,1121.49,UPI,Mobile App,Standard,Silver,0.1,20,2024-12-21,False,2024,8,August,Q3,32,Sunday,True,Summer,False,Summer,45-54,124.61,218.07,685.35,61.11
C0045,Priya Verma,34,Female,Chennai,South,Student,Sports & Fitness,Adjustable Dumbbells,2024-09-11,1,2951.58,2656.42,Debit Card,In-Store,Standard,Regular,0.1,19,2024-12-20,False,2024,9,September,Q3,37,Wednesday,False,Autumn,False,Autumn,25-34,295.16,1475.79,1180.63,44.44
C0108,Arjun Mukherjee,54,Male,Bangalore,South,Architect,Books,Atomic Habits,2024-03-11,1,466.82,466.82,UPI,In-Store,Standard,Regular,0.0,4,2024-10-16,False,2024,3,March,Q1,11,Monday,False,Spring,False,Spring,45-54,0.0,186.73,280.09,60.0
C0088,Ravi Deshmukh,51,Male,Delhi,North,Doctor,Books,Atomic Habits,2024-09-05,4,734.38,2937.52,UPI,Online,Standard,Gold,0.0,4,2024-10-12,True,2024,9,September,Q3,36,Thursday,False,Autumn,False,Autumn,45-54,0.0,293.75,1762.52,60.0
C0051,Varun Das,47,Female,Bangalore,South,Financial Analyst,Home & Kitchen,Non-Stick Frying Pan,2024-10-28,2,1017.17,1932.62,Credit Card,Online,Standard,Regular,0.05,15,2024-12-16,False,2024,10,October,Q4,44,Monday,False,Autumn,True,Festive Peak (Q4),45-54,101.72,610.3,712.02,36.84
C0038,Aarav Das,68,Female,Ahmedabad,West,Sales Executive,Sports & Fitness,Adjustable Dumbbells,2024-12-11,2,4247.85,8495.7,UPI,Online,Standard,Platinum,0.0,2,2024-12-11,False,2024,12,December,Q4,50,Wednesday,False,Winter,True,Festive Peak (Q4),55+,0.0,2123.93,4247.84,50.0
C0008,Siddharth Gupta,53,Male,Mumbai,West,Data Analyst,Electronics,Wireless Headphones,2024-05-24,2,3022.1,6044.2,UPI,Online,Standard,Silver,0.0,3,2024-05-24,False,2024,5,May,Q2,21,Friday,False,Spring,False,Spring,45-54,0.0,2115.47,1813.26,30.0
C0051,Varun Das,47,Female,Bangalore,South,Financial Analyst,Clothing,Cotton T-Shirt,2024-03-25,1,606.91,606.91,Debit Card,Online,Standard,Regular,0.0,15,2024-12-16,False,2024,3,March,Q1,13,Monday,False,Spring,False,Spring,45-54,0.0,273.11,333.8,55.0
C0110,Rohan Reddy,35,Male,Ahmedabad,West,Data Analyst,Sports & Fitness,Yoga Mat,2024-07-18,3,767.91,2303.73,UPI,Online,Standard,Platinum,0.0,24,2024-12-16,False,2024,7,July,Q3,29,Thursday,False,Summer,False,Summer,35-44,0.0,383.96,1151.85,50.0
C0137,Aarav Bose,38,Male,Mumbai,West,Teacher,Electronics,Wireless Headphones,2024-05-24,1,2019.61,1817.65,Debit Card,Online,Standard,Regular,0.1,15,2024-12-26,False,2024,5,May,Q2,21,Friday,False,Spring,False,Spring,35-44,201.96,1413.73,403.92,22.22
C0131,Ananya Mehta,64,Male,Noida,North,Student,Electronics,USB-C Hub,2024-11-08,1,1257.18,1194.32,Credit Card,Mobile App,Standard,Platinum,0.05,43,2024-12-29,False,2024,11,November,Q4,45,Friday,False,Autumn,True,Festive Peak (Q4),55+,62.86,880.03,314.29,26.32
C0120,Tanvi Sharma,26,Female,Bhubaneswar,East,Financial Analyst,Electronics,Smartwatch,2024-01-22,2,6973.29,12551.92,Credit Card,Online,Standard,Platinum,0.1,26,2024-12-25,True,2024,1,January,Q1,4,Monday,False,Winter,False,Winter,25-34,1394.66,4881.3,2789.32,22.22
C0123,Ananya Joshi,54,Male,Jaipur,North,Doctor,Sports & Fitness,Running Shoes,2024-05-30,1,2507.73,2256.96,Debit Card,Online,Standard,Gold,0.1,26,2024-12-26,False,2024,5,May,Q2,22,Thursday,False,Spring,False,Spring,45-54,250.77,1253.86,1003.1,44.44
C0111,Ananya Sharma,36,Male,Pune,West,Teacher,Books,Psychology of Money,2024-02-18,1,509.22,509.22,Credit Card,Online,Standard,Regular,0.0,14,2024-10-12,False,2024,2,February,Q1,7,Sunday,True,Winter,False,Winter,35-44,0.0,203.69,305.53,60.0
C0041,Ravi Das,61,Female,Pune,West,Teacher,Books,Data Analytics Handbook,2024-11-09,1,765.3,765.3,Debit Card,In-Store,Standard,Silver,0.0,12,2024-11-09,False,2024,11,November,Q4,45,Saturday,True,Autumn,True,Festive Peak (Q4),55+,0.0,306.12,459.18,60.0
C0134,Divya Reddy,64,Female,Bhubaneswar,East,Accountant,Books,Psychology of Money,2024-11-04,1,432.98,411.33,UPI,Online,Standard,Gold,0.05,11,2024-11-29,False,2024,11,November,Q4,45,Monday,False,Autumn,True,Festive Peak (Q4),55+,21.65,173.19,238.14,57.9
C0111,Ananya Sharma,36,Male,Pune,West,Teacher,Sports & Fitness,Running Shoes,2024-02-21,1,5485.46,4388.37,UPI,Online,Standard,Regular,0.2,14,2024-10-12,False,2024,2,February,Q1,8,Wednesday,False,Winter,False,Winter,35-44,1097.09,2742.73,1645.64,37.5
C0097,Vikram Deshmukh,27,Female,Kolkata,East,Software Engineer,Electronics,Power Bank,2024-08-01,5,1825.46,9127.3,UPI,Online,Standard,Silver,0.0,15,2024-10-29,False,2024,8,August,Q3,31,Thursday,False,Summer,False,Summer,25-34,0.0,1277.82,2738.2,30.0
C0024,Shreya Reddy,66,Male,Kolkata,East,Product Manager,Sports & Fitness,Resistance Bands Set,2024-03-07,1,661.31,661.31,Cash on Delivery,Online,Standard,Silver,0.0,5,2024-08-28,False,2024,3,March,Q1,10,Thursday,False,Spring,False,Spring,55+,0.0,330.66,330.65,50.0
C0076,Pooja Patel,48,Female,Ahmedabad,West,Consultant,Books,Business Strategy Guide,2024-06-27,3,569.91,1367.78,Cash on Delivery,Mobile App,Standard,Silver,0.2,5,2024-12-23,False,2024,6,June,Q2,26,Thursday,False,Summer,False,Summer,45-54,341.95,227.96,683.9,50.0
C0078,Karan Kumar,20,Female,Chennai,South,Accountant,Clothing,Formal Shirt,2024-04-01,1,1571.65,1493.07,UPI,Online,Standard,Silver,0.05,11,2024-10-05,False,2024,4,April,Q2,14,Monday,False,Spring,False,Spring,18-24,78.58,707.24,785.83,52.63
C0131,Ananya Mehta,64,Male,Noida,North,Student,Home & Kitchen,Non-Stick Frying Pan,2024-03-01,3,1584.42,3802.61,Credit Card,In-Store,Standard,Platinum,0.2,43,2024-12-29,False,2024,3,March,Q1,9,Friday,False,Spring,False,Spring,55+,950.65,950.65,950.66,25.0
C0094,Siddharth Kumar,38,Female,Bhubaneswar,East,Marketing Specialist,Sports & Fitness,Running Shoes,2024-01-27,2,2625.47,4725.85,UPI,Mobile App,Standard,Regular,0.1,16,2024-12-05,False,2024,1,January,Q1,4,Saturday,True,Winter,False,Winter,35-44,525.09,1312.74,2100.37,44.44
C0061,Tanvi Iyer,67,Female,Delhi,North,Software Engineer,Sports & Fitness,Yoga Mat,2024-01-12,2,1416.54,2833.08,Credit Card,Online,Standard,Regular,0.0,13,2024-12-08,False,2024,1,January,Q1,2,Friday,False,Winter,False,Winter,55+,0.0,708.27,1416.54,50.0
C0145,Meera Iyer,35,Male,Jaipur,North,Data Analyst,Clothing,Cotton T-Shirt,2024-03-28,1,467.16,467.16,Credit Card,Online,Standard,Silver,0.0,13,2024-12-16,False,2024,3,March,Q1,13,Thursday,False,Spring,False,Spring,35-44,0.0,210.22,256.94,55.0
C0024,Shreya Reddy,66,Male,Kolkata,East,Product Manager,Beauty & Personal Care,Perfume Spray,2024-01-03,1,2178.27,1851.53,UPI,Mobile App,Standard,Silver,0.15,5,2024-08-28,False,2024,1,January,Q1,1,Wednesday,False,Winter,False,Winter,55+,326.74,762.39,1089.14,58.82
C0071,Tanvi Joshi,53,Female,Chennai,South,Consultant,Clothing,Cotton T-Shirt,2024-04-30,2,1091.09,2073.07,UPI,Online,Standard,Gold,0.05,2,2024-12-29,False,2024,4,April,Q2,18,Tuesday,False,Spring,False,Spring,45-54,109.11,490.99,1091.09,52.63
C0012,Varun Reddy,32,Male,Chennai,South,Consultant,Electronics,Smartwatch,2024-08-06,2,4533.18,9066.36,UPI,Online,Standard,Silver,0.0,7,2024-10-18,False,2024,8,August,Q3,32,Tuesday,False,Summer,False,Summer,25-34,0.0,3173.23,2719.9,30.0
C0119,Shreya Nair,40,Female,Noida,North,Entrepreneur,Sports & Fitness,Running Shoes,2024-11-03,4,3492.36,13270.97,Credit Card,In-Store,Standard,Regular,0.05,36,2024-12-31,True,2024,11,November,Q4,44,Sunday,True,Autumn,True,Festive Peak (Q4),35-44,698.47,1746.18,6286.25,47.37
C0134,Divya Reddy,64,Female,Bhubaneswar,East,Accountant,Electronics,Power Bank,2024-02-28,2,1206.18,2171.12,UPI,Online,Standard,Gold,0.1,11,2024-11-29,False,2024,2,February,Q1,9,Wednesday,False,Winter,False,Winter,55+,241.24,844.33,482.46,22.22
C0045,Priya Verma,34,Female,Chennai,South,Student,Beauty & Personal Care,Moisturizing Cream,2024-02-20,1,759.01,759.01,Net Banking,Online,Standard,Regular,0.0,19,2024-12-20,False,2024,2,February,Q1,8,Tuesday,False,Winter,False,Winter,25-34,0.0,265.65,493.36,65.0
C0131,Ananya Mehta,64,Male,Noida,North,Student,Beauty & Personal Care,Face Cleanser,2024-03-19,1,374.76,374.76,UPI,Mobile App,Standard,Platinum,0.0,43,2024-12-29,False,2024,3,March,Q1,12,Tuesday,False,Spring,False,Spring,55+,0.0,131.17,243.59,65.0
C0049,Riya Nair,39,Male,Kolkata,East,Teacher,Sports & Fitness,Running Shoes,2024-04-03,1,2698.12,2698.12,Net Banking,Mobile App,Standard,Silver,0.0,5,2024-09-05,False,2024,4,April,Q2,14,Wednesday,False,Spring,False,Spring,35-44,0.0,1349.06,1349.06,50.0
C0134,Divya Reddy,64,Female,Bhubaneswar,East,Accountant,Electronics,USB-C Hub,2024-05-03,1,1333.51,1066.81,Debit Card,Online,Standard,Gold,0.2,11,2024-11-29,False,2024,5,May,Q2,18,Friday,False,Spring,False,Spring,55+,266.7,933.46,133.35,12.5
C0120,Tanvi Sharma,26,Female,Bhubaneswar,East,Financial Analyst,Beauty & Personal Care,Herbal Shampoo,2024-06-28,1,714.4,571.52,UPI,In-Store,Standard,Platinum,0.2,26,2024-12-25,False,2024,6,June,Q2,26,Friday,False,Summer,False,Summer,25-34,142.88,250.04,321.48,56.25
C0125,Ananya Kumar,55,Female,Delhi,North,Architect,Books,Psychology of Money,2024-09-13,1,641.32,513.06,Net Banking,Online,Standard,Silver,0.2,9,2024-12-29,False,2024,9,September,Q3,37,Friday,False,Autumn,False,Autumn,55+,128.26,256.53,256.53,50.0
C0143,Karan Sharma,71,Female,Hyderabad,South,Software Engineer,Sports & Fitness,Resistance Bands Set,2024-04-30,1,917.59,734.07,UPI,Online,Standard,Silver,0.2,10,2024-12-19,False,2024,4,April,Q2,18,Tuesday,False,Spring,False,Spring,55+,183.52,458.8,275.27,37.5
C0119,Shreya Nair,40,Female,Noida,North,Entrepreneur,Sports & Fitness,Adjustable Dumbbells,2024-05-18,2,3739.58,6731.24,UPI,Online,Standard,Regular,0.1,36,2024-12-31,False,2024,5,May,Q2,20,Saturday,True,Spring,False,Spring,35-44,747.92,1869.79,2991.66,44.44
C0051,Varun Das,47,Female,Bangalore,South,Financial Analyst,Clothing,Athletic Shorts,2024-12-16,1,752.05,752.05,UPI,In-Store,Standard,Regular,0.0,15,2024-12-16,False,2024,12,December,Q4,51,Monday,False,Winter,True,Festive Peak (Q4),45-54,0.0,338.42,413.63,55.0
C0128,Aarav Patel,53,Other,Chennai,South,Software Engineer,Electronics,Power Bank,2024-08-19,2,1313.23,2101.17,UPI,Online,Standard,Regular,0.2,8,2024-11-18,False,2024,8,August,Q3,34,Monday,False,Summer,False,Summer,45-54,525.29,919.26,262.65,12.5
C0045,Priya Verma,34,Female,Chennai,South,Student,Clothing,Athletic Shorts,2024-01-26,1,1149.35,919.48,UPI,Online,Standard,Regular,0.2,19,2024-12-20,False,2024,1,January,Q1,4,Friday,False,Winter,False,Winter,25-34,229.87,517.21,402.27,43.75
C0131,Ananya Mehta,64,Male,Noida,North,Student,Sports & Fitness,Yoga Mat,2024-05-31,1,976.04,976.04,Credit Card,In-Store,Standard,Platinum,0.0,43,2024-12-29,False,2024,5,May,Q2,22,Friday,False,Spring,False,Spring,55+,0.0,488.02,488.02,50.0
C0024,Shreya Reddy,66,Male,Kolkata,East,Product Manager,Home & Kitchen,Stainless Steel Knife Set,2024-08-28,1,1208.03,1147.63,Cash on Delivery,In-Store,Standard,Silver,0.05,5,2024-08-28,False,2024,8,August,Q3,35,Wednesday,False,Summer,False,Summer,55+,60.4,724.82,422.81,36.84
C0115,Amit Patel,47,Male,Jaipur,North,Sales Executive,Clothing,Slim Fit Jeans,2024-07-22,3,2376.41,5703.38,Net Banking,Online,Standard,Regular,0.2,14,2024-11-28,False,2024,7,July,Q3,30,Monday,False,Summer,False,Summer,45-54,1425.85,1069.38,2495.24,43.75
C0094,Siddharth Kumar,38,Female,Bhubaneswar,East,Marketing Specialist,Sports & Fitness,Resistance Bands Set,2024-08-07,1,650.77,585.69,Net Banking,In-Store,Standard,Regular,0.1,16,2024-12-05,False,2024,8,August,Q3,32,Wednesday,False,Summer,False,Summer,35-44,65.08,325.38,260.31,44.45
C0020,Nikhil Singh,45,Male,Mumbai,West,Sales Executive,Sports & Fitness,Adjustable Dumbbells,2024-12-30,1,1992.34,1992.34,UPI,In-Store,Standard,Regular,0.0,6,2024-12-30,False,2024,12,December,Q4,1,Monday,False,Winter,True,Festive Peak (Q4),45-54,0.0,996.17,996.17,50.0
C0040,Aarav Chopra,22,Male,Jaipur,North,Product Manager,Sports & Fitness,Adjustable Dumbbells,2024-10-27,1,4006.79,3405.77,Credit Card,Online,Standard,Gold,0.15,36,2024-12-27,False,2024,10,October,Q4,43,Sunday,True,Autumn,True,Festive Peak (Q4),18-24,601.02,2003.4,1402.37,41.18
C0003,Nikhil Verma,47,Male,Pune,West,Software Engineer,Electronics,Smartwatch,2024-06-16,1,5228.03,4966.63,UPI,In-Store,Standard,Silver,0.05,5,2024-11-20,False,2024,6,June,Q2,24,Sunday,True,Summer,False,Summer,45-54,261.4,3659.62,1307.01,26.32
C0079,Shreya Sharma,23,Female,Pune,West,Teacher,Electronics,Wireless Headphones,2024-05-31,1,2585.4,2197.59,Debit Card,Online,Standard,Regular,0.15,18,2024-12-01,False,2024,5,May,Q2,22,Friday,False,Spring,False,Spring,18-24,387.81,1809.78,387.81,17.65
C0050,Amit Chopra,50,Female,Pune,West,Consultant,Books,Business Strategy Guide,2024-04-16,2,655.98,1049.57,UPI,Online,Standard,Gold,0.2,8,2024-12-04,False,2024,4,April,Q2,16,Tuesday,False,Spring,False,Spring,45-54,262.39,262.39,524.79,50.0
C0104,Shreya Bose,65,Male,Kolkata,East,Product Manager,Books,Psychology of Money,2024-03-27,2,389.3,622.88,Net Banking,Online,Standard,Regular,0.2,22,2024-12-24,False,2024,3,March,Q1,13,Wednesday,False,Spring,False,Spring,55+,155.72,155.72,311.44,50.0
C0050,Amit Chopra,50,Female,Pune,West,Consultant,Electronics,Smartwatch,2024-02-21,1,2792.6,2652.97,UPI,In-Store,Standard,Gold,0.05,8,2024-12-04,False,2024,2,February,Q1,8,Wednesday,False,Winter,False,Winter,45-54,139.63,1954.82,698.15,26.32
C0050,Amit Chopra,50,Female,Pune,West,Consultant,Home & Kitchen,Electric Blender,2024-07-04,3,2425.23,6911.91,Debit Card,Online,Standard,Gold,0.05,8,2024-12-04,False,2024,7,July,Q3,27,Thursday,False,Summer,False,Summer,45-54,363.78,1455.14,2546.49,36.84
C0119,Shreya Nair,40,Female,Noida,North,Entrepreneur,Home & Kitchen,Ceramic Mug Set,2024-05-11,3,632.4,1897.2,UPI,Online,Standard,Regular,0.0,36,2024-12-31,False,2024,5,May,Q2,19,Saturday,True,Spring,False,Spring,35-44,0.0,379.44,758.88,40.0
C0013,Aarav Chopra,47,Female,Jaipur,North,Marketing Specialist,Books,Data Analytics Handbook,2024-08-08,1,666.96,633.61,UPI,Mobile App,Standard,Regular,0.05,15,2024-12-02,False,2024,8,August,Q3,32,Thursday,False,Summer,False,Summer,45-54,33.35,266.78,366.83,57.9
C0133,Priya Iyer,63,Female,Kolkata,East,Entrepreneur,Books,Psychology of Money,2024-05-04,1,457.0,457.0,Cash on Delivery,Online,Standard,Gold,0.0,3,2024-11-05,False,2024,5,May,Q2,18,Saturday,True,Spring,False,Spring,55+,0.0,182.8,274.2,60.0
C0130,Riya Singh,48,Male,Hyderabad,South,Product Manager,Home & Kitchen,Non-Stick Frying Pan,2024-06-14,1,1023.08,971.93,UPI,Online,Standard,Silver,0.05,20,2024-12-21,False,2024,6,June,Q2,24,Friday,False,Summer,False,Summer,45-54,51.15,613.85,358.08,36.84
C0111,Ananya Sharma,47,Male,Pune,West,Teacher,Books,Psychology of Money,2024-03-29,3,401.91,1085.16,UPI,Online,Standard,Regular,0.1,14,2024-10-12,False,2024,3,March,Q1,13,Friday,False,Spring,False,Spring,45-54,120.57,160.76,602.88,55.56
C0101,Divya Deshmukh,68,Male,Pune,West,Data Analyst,Home & Kitchen,Stainless Steel Knife Set,2024-09-28,4,838.92,3020.11,Debit Card,Mobile App,Standard,Silver,0.1,8,2024-12-30,False,2024,9,September,Q3,39,Saturday,True,Autumn,False,Autumn,55+,335.57,503.35,1006.71,33.33
C0132,Arjun Patel,43,Male,Pune,West,Product Manager,Beauty & Personal Care,Herbal Shampoo,2024-05-30,2,424.93,849.86,UPI,In-Store,Standard,Gold,0.0,21,2024-12-03,False,2024,5,May,Q2,22,Thursday,False,Spring,False,Spring,35-44,0.0,148.73,552.4,65.0
C0031,Aarav Iyer,57,Male,Chennai,South,Architect,Home & Kitchen,Electric Blender,2024-08-15,2,2236.11,4472.22,UPI,Online,Standard,Silver,0.0,12,2024-10-25,False,2024,8,August,Q3,33,Thursday,False,Summer,False,Summer,55+,0.0,1341.67,1788.88,40.0
C0017,Karan Mukherjee,59,Male,Jaipur,North,Consultant,Books,Data Analytics Handbook,2024-05-04,1,839.18,797.22,Credit Card,In-Store,Standard,Silver,0.05,7,2024-12-08,False,2024,5,May,Q2,18,Saturday,True,Spring,False,Spring,55+,41.96,335.67,461.55,57.89
C0040,Aarav Chopra,22,Male,Jaipur,North,Product Manager,Home & Kitchen,Electric Blender,2024-08-17,1,1859.5,1859.5,UPI,Online,Standard,Gold,0.0,36,2024-12-27,False,2024,8,August,Q3,33,Saturday,True,Summer,False,Summer,18-24,0.0,1115.7,743.8,40.0
C0123,Ananya Joshi,54,Male,Jaipur,North,Doctor,Home & Kitchen,Electric Blender,2024-12-04,2,2718.7,4349.92,Cash on Delivery,Online,Standard,Gold,0.2,26,2024-12-26,False,2024,12,December,Q4,49,Wednesday,False,Winter,True,Festive Peak (Q4),45-54,1087.48,1631.22,1087.48,25.0
C0010,Priya Bose,31,Female,Hyderabad,South,Sales Executive,Clothing,Cotton T-Shirt,2024-03-14,1,510.11,433.59,Cash on Delivery,Online,Standard,Gold,0.15,2,2024-06-26,False,2024,3,March,Q1,11,Thursday,False,Spring,False,Spring,25-34,76.52,229.55,204.04,47.06
C0099,Arjun Mukherjee,40,Male,Bhubaneswar,East,Teacher,Sports & Fitness,Running Shoes,2024-12-30,1,3314.28,2982.85,Credit Card,Online,Standard,Regular,0.1,10,2024-12-30,False,2024,12,December,Q4,1,Monday,False,Winter,True,Festive Peak (Q4),35-44,331.43,1657.14,1325.71,44.44
